Serial,Disaster,Code Region,Code District,Code Commune,Location,District,Date,Duration (d),Source,Year,Month,Landslide
LA2003,LANDSLIDE,lka009,lka009002,lka009002024,Pelempitiya(GN),Kegalle,2003-04-27,0,Ds Office,2003,4,1
LA2003,LANDSLIDE,lka009,lka009002,lka009002015,Palagala Watta,Kegalle,2003-11-21,0,DI2003.12.13P05,2003,11,1
LA2005,LANDSLIDE,lka009,lka009002,lka009002033,Udabage(GN),Kegalle,2005-04-27,0,Ds Office,2005,4,1
LA2005,LANDSLIDE,lka009,lka009002,lka009002012,Meepitiya(GN),Kegalle,2005-05-09,0,DI20050906P5,2005,5,1
LA2005,LANDSLIDE,lka009,lka009002,lka009002009,Debangama Udabage(GN),Kegalle,2005-06-11,0,Ds Office,2005,6,1
LA2005,LANDSLIDE,lka009,lka009002,lka009002009,Getaberiya Kanda(GN),Kegalle,2005-06-11,0,DS OFFICE,2005,6,1
LA2005,LANDSLIDE,lka009,lka009002,lka009002009,Podape(GN),Kegalle,2005-07-11,0,Ds Office,2005,7,1
LA2005,LANDSLIDE,lka009,lka009002,lka009002009,Selawa East(GN),Kegalle,2005-08-11,0,Ds Office,2005,8,1
LA2005,LANDSLIDE,lka009,lka009002,lka009002033,Behenella(GN),Kegalle,2005-09-03,0,DS OFFICE,2005,9,1
LA2005,LANDSLIDE,lka009,lka009002,lka009002009,Aranayaka(GN),Kegalle,2005-11-19,0,Ds Office,2005,11,1
LA2005,LANDSLIDE,lka009,lka009002,lka009002009,Rahala(GN),Kegalle,2005-11-22,0,Ds Office,2005,11,1
LA2005,LANDSLIDE,lka009,lka009002,lka009002009,Ambalakanda(GN),Kegalle,2005-11-24,0,DS OFFICE,2005,11,1
LA2005,LANDSLIDE,lka009,lka009002,lka009002009,Hathgampala(GN),Kegalle,2005-11-24,0,Ds Office,2005,11,1
LA2005,LANDSLIDE,lka009,lka009002,lka009002009,Randiligama(GN),Kegalle,2005-11-24,0,Ds Office,2005,11,1
LA2006,LANDSLIDE,lka009,lka009002,lka009002015,Andara(GN),Kegalle,2006-04-12,0,DI20061206,2006,4,1
LA2006,LANDSLIDE,lka009,lka009002,lka009002012,Wadumulla,Kegalle,2006-04-12,0,DS OFFICE,2006,4,1
LA2006,LANDSLIDE,lka009,lka009002,lka009002012,Wathura(GN),Kegalle,2006-04-12,0,DI2006/12/06,2006,4,1
LA2006,LANDSLIDE,lka009,lka009002,lka009002012,Wadumulla,Kegalle,2006-06-12,0,DI20061206,2006,6,1
LA2006,LANDSLIDE,lka009,lka009002,lka009002027,Amanawala(GN),Kegalle,2006-06-20,0,DS OFFICE,2006,6,1
LA2006,LANDSLIDE,lka009,lka009002,lka009002027,Hakbellawaka(GN),Kegalle,2006-06-20,0,DS OFFICE,2006,6,1
LA2006,LANDSLIDE,lka009,lka009002,lka009002027,Kithulgala North(GN),Kegalle,2006-06-20,0,DS OFFICE,2006,6,1
LA2006,LANDSLIDE,lka009,lka009002,lka009002027,Malalpola(GN),Kegalle,2006-06-20,0,DS OFFICE,2006,6,1
LA2006,LANDSLIDE,lka009,lka009002,lka009002027,Yatiyanthota(GN),Kegalle,2006-06-20,0,DS OFFICE,2006,6,1
LA2006,LANDSLIDE,lka009,lka009002,lka009002027,,Kegalle,2006-06-20,0,Ds Office,2006,6,1
LA2006,LANDSLIDE,lka009,lka009002,lka009002006,Randiwala(GN),Kegalle,2006-08-12,0,Ds Office,2006,8,1
LA2006,LANDSLIDE,lka009,lka009002,lka009002024,Alawathura(GN),Kegalle,2006-10-23,0,DS OFFICE,2006,10,1
LA2006,LANDSLIDE,lka009,lka009002,lka009002024,Ambamalla(GN),Kegalle,2006-10-23,0,DS OFFICE,2006,10,1
LA2006,LANDSLIDE,lka009,lka009002,lka009002024,Ambuwakka(GN),Kegalle,2006-10-23,0,DS OFFICE,2006,10,1
LA2006,LANDSLIDE,lka009,lka009002,lka009002021,Amithirigala South(GN),Kegalle,2006-10-23,0,DS OFFICE,2006,10,1
LA2006,LANDSLIDE,lka009,lka009002,lka009002021,Batuvita(GN),Kegalle,2006-10-23,0,DS OFFICE,2006,10,1
LA2006,LANDSLIDE,lka009,lka009002,lka009002024,Bulathkohupitiya(GN),Kegalle,2006-10-23,0,DS OFFICE,2006,10,1
LA2006,LANDSLIDE,lka009,lka009002,lka009002021,Daluwalana(GN),Kegalle,2006-10-23,0,DS OFFICE,2006,10,1
LA2006,LANDSLIDE,lka009,lka009002,lka009002033,Deraniyagala South (GN),Kegalle,2006-10-23,0,LANKADEEPA20061027/DS OFFICE,2006,10,1
LA2006,LANDSLIDE,lka009,lka009002,lka009002021,Gonaramba(GN),Kegalle,2006-10-23,0,DS OFFICE,2006,10,1
LA2006,LANDSLIDE,lka009,lka009002,lka009002024,Haloluwa(GN),Kegalle,2006-10-23,0,DS OFFICE,2006,10,1
LA2006,LANDSLIDE,lka009,lka009002,lka009002021,Kadigamuwa(GN),Kegalle,2006-10-23,0,DS OFFICE,2006,10,1
LA2006,LANDSLIDE,lka009,lka009002,lka009002024,Kananagamuwa(GN),Kegalle,2006-10-23,0,DS OFFICE,2006,10,1
LA2006,LANDSLIDE,lka009,lka009002,lka009002024,Kendawa(GN),Kegalle,2006-10-23,0,DS OFFICE,2006,10,1
LA2006,LANDSLIDE,lka009,lka009002,lka009002021,Lewangama North(GN),Kegalle,2006-10-23,0,DS OFFICE,2006,10,1
LA2006,LANDSLIDE,lka009,lka009002,lka009002033,Miyanavita(GN),Kegalle,2006-10-23,0,Ds Office,2006,10,1
LA2006,LANDSLIDE,lka009,lka009002,lka009002024,Narangala (GN),Kegalle,2006-10-23,0,DS OFFICE,2006,10,1
LA2006,LANDSLIDE,lka009,lka009002,lka009002024,Neluwakkana(GN),Kegalle,2006-10-23,0,DS OFFICE,2006,10,1
LA2006,LANDSLIDE,lka009,lka009002,lka009002024,Nevimiyar Ihala(GN),Kegalle,2006-10-23,0,DS OFFICE,2006,10,1
LA2006,LANDSLIDE,lka009,lka009002,lka009002021,Palle Kanugala(GN),Kegalle,2006-10-23,0,DS OFFICE,2006,10,1
LA2006,LANDSLIDE,lka009,lka009002,lka009002024,Panapitiya(GN),Kegalle,2006-10-23,0,DS OFFICE,2006,10,1
LA2006,LANDSLIDE,lka009,lka009002,lka009002024,Punehela(GN),Kegalle,2006-10-23,0,DS OFFICE,2006,10,1
LA2006,LANDSLIDE,lka009,lka009002,lka009002012,Punehela(GN),Kegalle,2006-10-23,0,DS OFFICE,2006,10,1
LA2006,LANDSLIDE,lka009,lka009002,lka009002024,Puspane(GN),Kegalle,2006-10-23,0,DS OFFICE,2006,10,1
LA2006,LANDSLIDE,lka009,lka009002,lka009002024,Rangalla(GN),Kegalle,2006-10-23,0,DS OFFICE,2006,10,1
LA2006,LANDSLIDE,lka009,lka009002,lka009002024,Udapotha(GN),Kegalle,2006-10-23,0,DS OFFICE,2006,10,1
LA2006,LANDSLIDE,lka009,lka009002,lka009002024,Uduwa (GN),Kegalle,2006-10-23,0,DS OFFICE,2006,10,1
LA2006,LANDSLIDE,lka009,lka009002,lka009002024,Urumeewala(GN),Kegalle,2006-10-23,0,DS OFFICE,2006,10,1
LA2006,LANDSLIDE,lka009,lka009002,lka009002033,Wattegedara(GN),Kegalle,2006-10-23,0,Ds Office,2006,10,1
LA2006,LANDSLIDE,lka009,lka009002,lka009002024,,Kegalle,2006-10-23,0,Ds Office,2006,10,1
LA2006,LANDSLIDE,lka009,lka009002,lka009002021,,Kegalle,2006-10-23,0,DS OFFICE,2006,10,1
LA2006,LANDSLIDE,lka009,lka009002,lka009002012,Alapalawala(GN),Kegalle,2006-11-10,0,Ds Office,2006,11,1
LA2006,LANDSLIDE,lka009,lka009002,lka009002012,Dikella(GN),Kegalle,2006-11-10,0,Ds Office,2006,11,1
LA2006,LANDSLIDE,lka009,lka009002,lka009002012,Eregama(GN),Kegalle,2006-11-10,0,Ds Office,2006,11,1
LA2006,LANDSLIDE,lka009,lka009002,lka009002012,Ganthuna Pallegama(GN),Kegalle,2006-11-10,0,Ds Office,2006,11,1
LA2006,LANDSLIDE,lka009,lka009002,lka009002012,Godigamuwa(GN),Kegalle,2006-11-10,0,Ds Office,2006,11,1
LA2006,LANDSLIDE,lka009,lka009002,lka009002012,Golahela(GN),Kegalle,2006-11-10,0,Ds Office,2006,11,1
LA2006,LANDSLIDE,lka009,lka009002,lka009002012,Kegall Town(GN),Kegalle,2006-11-10,0,Ds Office,2006,11,1
LA2006,LANDSLIDE,lka009,lka009002,lka009002012,Meepitiya(GN),Kegalle,2006-11-10,0,Ds Office,2006,11,1
LA2006,LANDSLIDE,lka009,lka009002,lka009002012,Nilapalagammana(GN),Kegalle,2006-11-10,0,Ds Office,2006,11,1
LA2006,LANDSLIDE,lka009,lka009002,lka009002012,Paranagampola(GN),Kegalle,2006-11-10,0,Ds Office,2006,11,1
LA2006,LANDSLIDE,lka009,lka009002,lka009002012,Puwakdeniya(GN),Kegalle,2006-11-10,0,Ds Office,2006,11,1
LA2006,LANDSLIDE,lka009,lka009002,lka009002012,Siyambalapitiya(GN),Kegalle,2006-11-10,0,Ds Office,2006,11,1
LA2006,LANDSLIDE,lka009,lka009002,lka009002012,Udumagama(GN),Kegalle,2006-11-10,0,Ds Office,2006,11,1
LA2006,LANDSLIDE,lka009,lka009002,lka009002012,Udumalama(GN),Kegalle,2006-11-10,0,Ds Office,2006,11,1
LA2006,LANDSLIDE,lka009,lka009002,lka009002012,Undugoda(GN),Kegalle,2006-11-10,0,Ds Office,2006,11,1
LA2006,LANDSLIDE,lka009,lka009002,lka009002012,Wathura(GN),Kegalle,2006-11-10,0,Ds Office,2006,11,1
LA2006,LANDSLIDE,lka009,lka009002,lka009002012,,Kegalle,2006-11-10,0,Ds Office,2006,11,1
RA2006,RAINS,lka009,lka009002,lka009002012,Diyagama(GN),Kegalle,2006-11-10,0,Ds Office,2006,11,1
RA2006,RAINS,lka009,lka009002,lka009002012,Ranwala(GN),Kegalle,2006-11-10,0,Ds Office,2006,11,1
LA2006,LANDSLIDE,lka009,lka009002,lka009002009,Ruwandeniya(GN),Kegalle,2006-11-13,0,Ds Office,2006,11,1
LA2006,LANDSLIDE,lka009,lka009002,lka009002009,Ussapitiya(GN),Kegalle,2006-11-13,0,Ds Office,2006,11,1
LA2006,LANDSLIDE,lka009,lka009002,lka009002009,Aranayaka(GN),Kegalle,2006-11-14,0,Ds Office,2006,11,1
LA2006,LANDSLIDE,lka009,lka009002,lka009002009,Asmadala(GN),Kegalle,2006-11-14,0,Ds Office,2006,11,1
LA2006,LANDSLIDE,lka009,lka009002,lka009002009,Dagipitiya(GN),Kegalle,2006-11-14,0,Ds Office,2006,11,1
LA2006,LANDSLIDE,lka009,lka009002,lka009002009,Deiyanwala(GN),Kegalle,2006-11-14,0,Ds Office,2006,11,1
LA2006,LANDSLIDE,lka009,lka009002,lka009002009,Epalawa Watta(GN),Kegalle,2006-11-14,0,Ds Office,2006,11,1
LA2006,LANDSLIDE,lka009,lka009002,lka009002009,Galbokka(GN),Kegalle,2006-11-14,0,Ds Office,2006,11,1
LA2006,LANDSLIDE,lka009,lka009002,lka009002009,Narangammana(GN),Kegalle,2006-11-14,0,Ds Office,2006,11,1
LA2006,LANDSLIDE,lka009,lka009002,lka009002009,Podape(GN),Kegalle,2006-11-14,0,Ds Office,2006,11,1
LA2006,LANDSLIDE,lka009,lka009002,lka009002009,Selawa West(GN),Kegalle,2006-11-14,0,Ds Office,2006,11,1
LA2006,LANDSLIDE,lka009,lka009002,lka009002009,Uduwewela(GN),Kegalle,2006-11-14,0,Ds Office,2006,11,1
LA2006,LANDSLIDE,lka009,lka009002,lka009002009,Usapitiya(GN),Kegalle,2006-11-14,0,Ds Office,2006,11,1
LA2006,LANDSLIDE,lka009,lka009002,lka009002009,Ambalakanda(GN),Kegalle,2006-11-15,0,Ds Office,2006,11,1
LA2006,LANDSLIDE,lka009,lka009002,lka009002009,Debathgama Pallebage(GN),Kegalle,2006-11-15,0,Ds Office,2006,11,1
LA2006,LANDSLIDE,lka009,lka009002,lka009002009,Debathgama Udabage(GN),Kegalle,2006-11-15,0,Ds Office,2006,11,1
LA2006,LANDSLIDE,lka009,lka009002,lka009002009,Deewela Udagama(GN),Kegalle,2006-11-15,0,Ds Office,2006,11,1
LA2006,LANDSLIDE,lka009,lka009002,lka009002009,Dippitiya(GN),Kegalle,2006-11-15,0,Ds Office,2006,11,1
LA2006,LANDSLIDE,lka009,lka009002,lka009002009,Gal Athara(GN),Kegalle,2006-11-15,0,Ds Office,2006,11,1
LA2006,LANDSLIDE,lka009,lka009002,lka009002009,Gammannagoda(GN),Kegalle,2006-11-15,0,Ds Office,2006,11,1
LA2006,LANDSLIDE,lka009,lka009002,lka009002009,Ganthuna Udagama(GN),Kegalle,2006-11-15,0,Ds Office,2006,11,1
LA2006,LANDSLIDE,lka009,lka009002,lka009002009,Gevilipitiya Gama(GN),Kegalle,2006-11-15,0,Ds Office,2006,11,1
LA2006,LANDSLIDE,lka009,lka009002,lka009002009,Godigamuwa(GN),Kegalle,2006-11-15,0,Ds Office,2006,11,1
LA2006,LANDSLIDE,lka009,lka009002,lka009002009,Hakurugammana(GN),Kegalle,2006-11-15,0,Ds Office,2006,11,1
LA2006,LANDSLIDE,lka009,lka009002,lka009002009,Hathgampala(GN),Kegalle,2006-11-15,0,Ds Office,2006,11,1
LA2006,LANDSLIDE,lka009,lka009002,lka009002009,Kalugala(GN),Kegalle,2006-11-15,0,Ds Office,2006,11,1
LA2006,LANDSLIDE,lka009,lka009002,lka009002009,Kandamulla(GN),Kegalle,2006-11-15,0,Ds Office,2006,11,1
LA2006,LANDSLIDE,lka009,lka009002,lka009002009,Kandewatta(GN),Kegalle,2006-11-15,0,Ds Office,2006,11,1
LA2006,LANDSLIDE,lka009,lka009002,lka009002009,Keerapana(GN),Kegalle,2006-11-15,0,Ds Office,2006,11,1
LA2006,LANDSLIDE,lka009,lka009002,lka009002009,Kumarapura(GN),Kegalle,2006-11-15,0,Ds Office,2006,11,1
LA2006,LANDSLIDE,lka009,lka009002,lka009002009,Lambutuwa(GN),Kegalle,2006-11-15,0,Ds Office,2006,11,1
LA2006,LANDSLIDE,lka009,lka009002,lka009002009,Selawa East(GN),Kegalle,2006-11-15,0,Ds Office,2006,11,1
LA2006,LANDSLIDE,lka009,lka009002,lka009002009,Thalgamuwa(GN),Kegalle,2006-11-15,0,DS OFFICE,2006,11,1
LA2006,LANDSLIDE,lka009,lka009002,lka009002009,Thalgaspitiya(GN),Kegalle,2006-11-15,0,Ds Office,2006,11,1
LA2006,LANDSLIDE,lka009,lka009002,lka009002009,Thelleka(GN),Kegalle,2006-11-15,0,Ds Office,2006,11,1
LA2006,LANDSLIDE,lka009,lka009002,lka009002009,Udagama(GN),Kegalle,2006-11-15,0,Ds Office,2006,11,1
LA2006,LANDSLIDE,lka009,lka009002,lka009002009,Waharakgoda(GN),Kegalle,2006-11-15,0,Ds Office,2006,11,1
LA2006,LANDSLIDE,lka009,lka009002,lka009002009,Getaberi Kanda(GN),Kegalle,2006-11-16,0,Ds Office,2006,11,1
LA2006,LANDSLIDE,lka009,lka009002,lka009002009,Gevilipitiya Town(GN),Kegalle,2006-11-16,0,Ds Office,2006,11,1
LA2006,LANDSLIDE,lka009,lka009002,lka009002009,Narangala(GN),Kegalle,2006-11-16,0,Ds Office,2006,11,1
LA2006,LANDSLIDE,lka009,lka009002,lka009002009,Rahala(GN),Kegalle,2006-11-16,0,Ds Office,2006,11,1
LA2006,LANDSLIDE,lka009,lka009002,lka009002015,Arandara(GN),Kegalle,2006-11-17,0,Ds Office,2006,11,1
LA2006,LANDSLIDE,lka009,lka009002,lka009002015,Narangoda(GN),Kegalle,2006-11-17,0,DS OFFICE,2006,11,1
LA2006,LANDSLIDE,lka009,lka009002,lka009002009,Devanagala(GN),Kegalle,2006-11-18,0,Ds Office,2006,11,1
LA2006,LANDSLIDE,lka009,lka009002,lka009002009,Wadumulla,Kegalle,2006-11-25,0,Ds Office,2006,11,1
LA2006,LANDSLIDE,lka009,lka009002,lka009002027,,Kegalle,2006-11-26,0,DS OFFICE,2006,11,1
LA2006,LANDSLIDE,lka009,lka009002,lka009002018,Elamaldeniya(GN),Kegalle,2006-12-11,0,DS OFFICE,2006,12,1
LA2006,LANDSLIDE,lka009,lka009002,lka009002018,Maha Pallegama(GN),Kegalle,2006-12-11,0,DS OFFICE,2006,12,1
LA2006,LANDSLIDE,lka009,lka009002,lka009002018,Mampita(GN),Kegalle,2006-12-11,0,DS OFFICE,2006,12,1
LA2006,LANDSLIDE,lka009,lka009002,lka009002018,Thambadiya(GN),Kegalle,2006-12-11,0,DS OFFICE,2006,12,1
LA2006,LANDSLIDE,lka009,lka009002,lka009002018,Tholangamuwa(GN),Kegalle,2006-12-11,0,DS OFFICE,2006,12,1
LA2006,LANDSLIDE,lka009,lka009002,lka009002018,,Kegalle,2006-12-11,0,Ds Office,2006,12,1
LA206,LANDSLIDE,lka009,lka009002,lka009002018,Othnapitiya(GN),Kegalle,2006-12-11,0,DS OFFICE,2006,12,1
LA2007,LANDSLIDE,lka009,lka009002,lka009002033,Deraniyagala South(GN),Kegalle,2007-05-15,0,DIWAINA20070517,2007,5,1
LA2007,LANDSLIDE,lka009,lka009002,lka009002033,Rasnakkanda(GN),Kegalle,2007-05-15,0,DIWAINA20070517,2007,5,1
LA2007,LANDSLIDE,lka009,lka009002,lka009002033,,Kegalle,2007-05-15,0,DIWAINA20070517,2007,5,1
LA2007,LANDSLIDE,lka009,lka009002,lka009002033,Deraniyagala South(GN),Kegalle,2007-10-23,0,DS OFFICE,2007,10,1
LA2007,LANDSLIDE,lka009,lka009002,lka009002033,Lassegama(GN),Kegalle,2007-10-23,0,DS OFFICE,2007,10,1
LA2007,LANDSLIDE,lka009,lka009002,lka009002027,,Kegalle,2007-11-23,0,DS OFFICE,2007,11,1
LA2007,LANDSLIDE,lka009,lka009002,lka009002030,,Kegalle,2007-12-03,0,DS OFFICE,2007,12,1
LA2007,LANDSLIDE,lka009,lka009002,lka009002033,Basnagala(GN),Kegalle,2007-12-05,0,LANKADEEPA20070516/Divaina20070526,2007,12,1
LA2007,LANDSLIDE,lka009,lka009002,lka009002030,Batangala(GN),Kegalle,2007-12-05,0,DIVAINA20070526,2007,12,1
LA2007,LANDSLIDE,lka009,lka009002,lka009002033,Behenella(GN),Kegalle,2007-12-05,0,Ds Office,2007,12,1
LA2007,LANDSLIDE,lka009,lka009002,lka009002030,Dehiovita(GN),Kegalle,2007-12-05,0,DIVAINA20070526,2007,12,1
LA2007,LANDSLIDE,lka009,lka009002,lka009002033,"Deraniyagala North,Shailagiriya",Kegalle,2007-12-05,0,DS OFFICE,2007,12,1
LA2007,LANDSLIDE,lka009,lka009002,lka009002033,Deraniyagala South(GN),Kegalle,2007-12-05,0,LANKADEEPA20070516/Divaina20070526,2007,12,1
LA2007,LANDSLIDE,lka009,lka009002,lka009002033,Deraniyagala(GN),Kegalle,2007-12-05,0,EOC,2007,12,1
LA2007,LANDSLIDE,lka009,lka009002,lka009002030,Hinguralakanda(GN),Kegalle,2007-12-05,0,DIVAINA20070526,2007,12,1
LA2007,LANDSLIDE,lka009,lka009002,lka009002033,Keerahena(GN),Kegalle,2007-12-05,0,Divaina20070526/ Ds Office,2007,12,1
LA2007,LANDSLIDE,lka009,lka009002,lka009002033,Kosgahakanda(GN),Kegalle,2007-12-05,0,LANKADEEPA20070516/DS OFFICE,2007,12,1
LA2007,LANDSLIDE,lka009,lka009002,lka009002033,Lassegama(GN),Kegalle,2007-12-05,0,Divaina20070526 /DS OFFICE,2007,12,1
LA2007,LANDSLIDE,lka009,lka009002,lka009002033,Miyanavita(GN),Kegalle,2007-12-05,0,LANKADEEPA20070516/ Divaina20070526,2007,12,1
LA2007,LANDSLIDE,lka009,lka009002,lka009002033,mudagalla,Kegalle,2007-12-05,0,EOC,2007,12,1
LA2007,LANDSLIDE,lka009,lka009002,lka009002033,Nakkavita(GN),Kegalle,2007-12-05,0,LANKADEEPA20070516/Divaina20070526,2007,12,1
LA2007,LANDSLIDE,lka009,lka009002,lka009002033,Nilwala(GN),Kegalle,2007-12-05,0,DS OFFICE,2007,12,1
LA2007,LANDSLIDE,lka009,lka009002,lka009002033,Rasnakkanda(GN),Kegalle,2007-12-05,0,LANKADEEPA20070516,2007,12,1
LA2007,LANDSLIDE,lka009,lka009002,lka009002030,Thaldoowa(GN),Kegalle,2007-12-05,0,DIVAINA20070526,2007,12,1
LA2007,LANDSLIDE,lka009,lka009002,lka009002030,Thimbiripola(GN),Kegalle,2007-12-05,0,DIVAINA20070526,2007,12,1
LA2007,LANDSLIDE,lka009,lka009002,lka009002033,Udabage(GN),Kegalle,2007-12-05,0,LANKADEEPA20070516/Divaina20070526,2007,12,1
LA2007,LANDSLIDE,lka009,lka009002,lka009002033,Udapola(GN),Kegalle,2007-12-05,0,EOC/LANKADEEPA20070516/Divaina20070526,2007,12,1
LA2007,LANDSLIDE,lka009,lka009002,lka009002033,Yatiwala(GN),Kegalle,2007-12-05,0,LANKADEEPA20070516/Divaina20070526,2007,12,1
LA2007,LANDSLIDE,lka009,lka009002,lka009002033,,Kegalle,2007-12-05,0,LANKADEEPA20070516/DIVAINA20070525,2007,12,1
LA2007,LANDSLIDE,lka009,lka009002,lka009002030,,Kegalle,2007-12-05,0,DIVAINA20070526 /DS OFFICE,2007,12,1
LA2007,LANDSLIDE,lka009,lka009002,lka009002015,Atugoda(GN),Kegalle,2007-12-11,0,Ds Office,2007,12,1
LA2008,LANDSLIDE,lka009,lka009002,lka009002030,Batangala(GN),Kegalle,2008-01-05,0,EOC,2008,1,1
LA2008,LANDSLIDE,lka009,lka009002,lka009002030,Maniyangama(GN),Kegalle,2008-01-05,0,EOC,2008,1,1
LA2008,LANDSLIDE,lka009,lka009002,lka009002030,Viharakanda(GN),Kegalle,2008-01-05,0,EOC,2008,1,1
LA2008,LANDSLIDE,lka009,lka009002,lka009002030,Daigala (GN),Kegalle,2008-01-06,0,EOC,2008,1,1
LA2008,LANDSLIDE,lka009,lka009002,lka009002024,,Kegalle,2008-04-28,0,EOC/Ds Office,2008,4,1
LA2008,LANDSLIDE,lka009,lka009002,lka009002018,,Kegalle,2008-04-29,0,EOC,2008,4,1
LA2008,LANDSLIDE,lka009,lka009002,lka009002027,,Kegalle,2008-04-29,0,EOC,2008,4,1
RA2008,RAINS,lka009,lka009002,lka009002015,,Kegalle,2008-07-18,0,Ds Office,2008,7,1
LA2009,LANDSLIDE,lka009,lka009002,lka009002027,Gonagamuwa(GN),Kegalle,2009-04-09,0,Ds Office,2009,4,1
LA2009,LANDSLIDE,lka009,lka009002,lka009002027,Kabulumulla(GN),Kegalle,2009-04-09,0,Ds Office,2009,4,1
LA2009,LANDSLIDE,lka009,lka009002,lka009002027,Kirikohuthenna(GN),Kegalle,2009-04-09,0,Ds Office,2009,4,1
LA2009,LANDSLIDE,lka009,lka009002,lka009002027,Yatiyanthota(GN),Kegalle,2009-04-09,0,Ds Office,2009,4,1
LA2009,LANDSLIDE,lka009,lka009002,lka009002030,Ingiriya Maha Vidyalaya,Kegalle,2009-06-22,0,EOC,2009,6,1
LA2009,LANDSLIDE,lka009,lka009002,lka009002006,Dambuluwewa(GN),Kegalle,2009-06-27,0,EOC,2009,6,1
LA2009,LANDSLIDE,lka009,lka009002,lka009002027,Dombepola(GN,Kegalle,2009-08-16,0,Ds Office,2009,8,1
LA2009,LANDSLIDE,lka009,lka009002,lka009002027,Nawata(GN),Kegalle,2009-08-16,0,Ds Office,2009,8,1
LA2009,LANDSLIDE,lka009,lka009002,lka009002027,Neluwathukanda(GN),Kegalle,2009-08-16,0,Ds Office,2009,8,1
LA2009,LANDSLIDE,lka009,lka009002,lka009002027,Parussella(GN),Kegalle,2009-08-16,0,Ds Office,2009,8,1
LA2009,LANDSLIDE,lka009,lka009002,lka009002027,Pelellegama(GN),Kegalle,2009-08-16,0,Ds Office,2009,8,1
LA2009,LANDSLIDE,lka009,lka009002,lka009002027,Theligama(GN),Kegalle,2009-08-16,0,Ds Office,2009,8,1
LA2009,LANDSLIDE,lka009,lka009002,lka009002027,Yatiyanthota(GN),Kegalle,2009-08-16,0,Ds Office,2009,8,1
LA2009,LANDSLIDE,lka009,lka009002,lka009002012,Golahela(GN),Kegalle,2009-08-19,0,EOC,2009,8,1
LA2010,LANDSLIDE,lka009,lka009002,lka009002012,Nilwakka(GN),Kegalle,2010-01-12,0,EOC,2010,1,1
LA2010,LANDSLIDE,lka009,lka009002,lka009002015,Galsiyambalagama(GN),Kegalle,2010-04-26,0,EOC,2010,4,1
LA2010,LANDSLIDE,lka009,lka009002,lka009002030,"Malwarusawa, Galabalana Kanda(GN), Dikella(GN)",Kegalle,2010-05-18,0,Ds Office,2010,5,1
RA2010,RAINS,lka009,lka009002,lka009002012,Paragammana(GN),Kegalle,2010-11-25,0,EOC,2010,11,1
135478,LANDSLIDE,lka009,lka009002,lka009002018,,Kegalle,2011-01-06,0,DMC-EOC-DOB,2011,1,1
135479,LANDSLIDE,lka009,lka009002,lka009002024,Ambamalla GN,Kegalle,2011-01-06,0,DMC-EOC-DOB,2011,1,1
135488,LANDSLIDE,lka009,lka009002,lka009002012,Elawana,Kegalle,2011-04-13,0,DMC-EOC-DOB,2011,4,1
135615,LANDSLIDE,lka009,lka009002,lka009002015,Damala,Kegalle,2011-05-27,0,DMC EOC,2011,5,1
135617,LANDSLIDE,lka009,lka009002,lka009002024,Kendawa,Kegalle,2011-05-27,0,DMC EOC,2011,5,1
136787,LANDSLIDE,lka009,lka009002,lka009002015,,Kegalle,2011-05-27,12,DDMCU-Kegalle,2011,5,1
136789,LANDSLIDE,lka009,lka009002,lka009002024,,Kegalle,2011-05-27,12,DDMCU-Kegalle,2011,5,1
136790,LANDSLIDE,lka009,lka009002,lka009002033,,Kegalle,2011-05-27,12,DDMCU-Kegalle,2011,5,1
136711,LANDSLIDE,lka009,lka009002,lka009002006,,Kegalle,2013-11-25,0,EOC-DMC,2013,11,1
RA2000,RAINS,lka009,lka009001,lka009001015,Pallewela(GN),Ratnapura,2000-01-04,0,Ds Office,2000,1,1
RA2000,RAINS,lka009,lka009001,lka009001018,Welekumbura(GN),Ratnapura,2000-01-13,0,Ds Office,2000,1,1
RA2000,RAINS,lka009,lka009001,lka009001015,Oluganthota(GN),Ratnapura,2000-01-14,0,Ds Office,2000,1,1
RA2000,RAINS,lka009,lka009001,lka009001018,Yahalawela(GN),Ratnapura,2000-01-20,0,Ds Office,2000,1,1
RA2000,RAINS,lka009,lka009001,lka009001009,Kiriella(GN),Ratnapura,2000-02-21,0,Ds Office,2000,2,1
RA2000,RAINS,lka009,lka009001,lka009001015,Kumburuntheniwela(GN),Ratnapura,2000-03-25,0,Ds Office,2000,3,1
RA2000,RAINS,lka009,lka009001,lka009001015,Rawanakanda(GN),Ratnapura,2000-05-01,0,Ds Office,2000,5,1
RA2000,RAINS,lka009,lka009001,lka009001015,Pidaligannawela(GN),Ratnapura,2000-06-02,0,Ds Office,2000,6,1
RA2000,RAINS,lka009,lka009001,lka009001015,Udagama(GN),Ratnapura,2000-07-10,0,Ds Office,2000,7,1
RA2000,RAINS,lka009,lka009001,lka009001015,Pinnawala(GN),Ratnapura,2000-07-13,0,Ds Office,2000,7,1
RA2000,RAINS,lka009,lka009001,lka009001015,Muttettuwegama(GN),Ratnapura,2000-07-14,0,Ds Office,2000,7,1
RA2000,RAINS,lka009,lka009001,lka009001009,Matuwagala(GN),Ratnapura,2000-07-25,0,Ds Office,2000,7,1
RA2000,RAINS,lka009,lka009001,lka009001015,Muttettuwegama(GN),Ratnapura,2000-08-02,0,Ds Office,2000,8,1
RA2000,RAINS,lka009,lka009001,lka009001015,Maddethalawa(GN),Ratnapura,2000-08-04,0,Ds Office,2000,8,1
RA2000,RAINS,lka009,lka009001,lka009001018,Godakumbura(GN),Ratnapura,2000-08-20,0,Ds Office,2000,8,1
RA2000,RAINS,lka009,lka009001,lka009001018,Welekumbura(GN),Ratnapura,2000-08-20,0,Ds Office,2000,8,1
RA2000,RAINS,lka009,lka009001,lka009001018,Balangoda(GN),Ratnapura,2000-08-23,0,Ds Office,2000,8,1
RA2000,RAINS,lka009,lka009001,lka009001018,Medabedda(GN),Ratnapura,2000-10-03,0,Ds Office,2000,10,1
LA2000,LANDSLIDE,lka009,lka009001,lka009001018,Durakanda(GN),Ratnapura,2000-10-07,0,Ds Office,2000,10,1
RA2000,RAINS,lka009,lka009001,lka009001018,Thanjanthenna(GN),Ratnapura,2000-10-09,0,Ds Office,2000,10,1
RA2000,RAINS,lka009,lka009001,lka009001015,Bellankanda(GN),Ratnapura,2000-10-10,0,Ds Office,2000,10,1
RA2000,RAINS,lka009,lka009001,lka009001018,Batugammana(GN),Ratnapura,2000-11-01,0,Ds Office,2000,11,1
RA2000,RAINS,lka009,lka009001,lka009001015,Wegapitiya(GN),Ratnapura,2000-11-04,0,Ds Office,2000,11,1
RA2000,RAINS,lka009,lka009001,lka009001018,Kirimetithenna(GN),Ratnapura,2000-11-29,0,Ds Office,2000,11,1
RA2000,RAINS,lka009,lka009001,lka009001009,Ellawala(GN),Ratnapura,2000-12-09,0,Ds Office,2000,12,1
RA2000,RAINS,lka009,lka009001,lka009001018,Balangoda(GN),Ratnapura,2000-12-13,0,Ds Office,2000,12,1
RA2000,RAINS,lka009,lka009001,lka009001018,Thumbagoda(GN),Ratnapura,2000-12-28,0,Ds Office,2000,12,1
RA2000,RAINS,lka009,lka009001,lka009001018,Mahawalathenna(GN),Ratnapura,2000-12-30,0,Ds Office,2000,12,1
RA2001,RAINS,lka009,lka009001,lka009001015,Naluwela(GN),Ratnapura,2001-01-01,0,Ds Office,2001,1,1
RA2001,RAINS,lka009,lka009001,lka009001015,Wegapitiya(GN),Ratnapura,2001-01-14,0,Ds Office,2001,1,1
RA2001,RAINS,lka009,lka009001,lka009001015,Bellankanda(GN),Ratnapura,2001-01-15,0,Ds Office,2001,1,1
LA2001,LANDSLIDE,lka009,lka009001,lka009001015,Wegapitiya (GN),Ratnapura,2001-01-18,0,"DI2001.01.20P14,DS OFFICE",2001,1,1
RA2001,RAINS,lka009,lka009001,lka009001015,Muttettuwegama(GN),Ratnapura,2001-01-20,0,Ds Office,2001,1,1
RA2001,RAINS,lka009,lka009001,lka009001018,Wijanathkumbura(GN,Ratnapura,2001-01-26,0,Ds Office,2001,1,1
RA2001,RAINS,lka009,lka009001,lka009001018,Horaketiya(GN),Ratnapura,2001-02-02,0,Ds Office,2001,2,1
RA2001,RAINS,lka009,lka009001,lka009001018,Welekumbura(GN),Ratnapura,2001-02-22,0,Ds Office,2001,2,1
RA2001,RAINS,lka009,lka009001,lka009001018,Aldora(GN),Ratnapura,2001-03-15,0,Ds Office,2001,3,1
RA2001,RAINS,lka009,lka009001,lka009001015,Bolthumbe(GN),Ratnapura,2001-03-24,0,Ds Office,2001,3,1
RA2001,RAINS,lka009,lka009001,lka009001015,Naluwela(GN),Ratnapura,2001-04-01,0,Ds Office,2001,4,1
RA2001,RAINS,lka009,lka009001,lka009001015,Pandeniya(GN),Ratnapura,2001-04-14,0,Ds Office,2001,4,1
RA2001,RAINS,lka009,lka009001,lka009001015,Oluganthota(GN),Ratnapura,2001-04-18,0,Ds Office,2001,4,1
RA2001,RAINS,lka009,lka009001,lka009001015,Passaramulla(GN),Ratnapura,2001-04-18,0,Ds Office,2001,4,1
RA2001,RAINS,lka009,lka009001,lka009001015,Pidaligannawela(GN),Ratnapura,2001-04-19,0,Ds Office,2001,4,1
RA2001,RAINS,lka009,lka009001,lka009001015,Alakolaella(GN),Ratnapura,2001-04-20,0,Ds Office,2001,4,1
RA2001,RAINS,lka009,lka009001,lka009001015,Kanathiriyanwala(GN),Ratnapura,2001-04-20,0,Ds Office,2001,4,1
RA2001,RAINS,lka009,lka009001,lka009001015,Pinnawala(GN),Ratnapura,2001-04-20,0,Ds Office,2001,4,1
RA2001,RAINS,lka009,lka009001,lka009001015,Viharavela(GN),Ratnapura,2001-04-20,0,Ds Office,2001,4,1
RA2001,RAINS,lka009,lka009001,lka009001018,Kiridigala(GN),Ratnapura,2001-04-21,0,Ds Office,2001,4,1
RA2001,RAINS,lka009,lka009001,lka009001015,Nittamaluwa(GN),Ratnapura,2001-04-22,0,Ds Office,2001,4,1
RA2001,RAINS,lka009,lka009001,lka009001018,Egoda Waleboda(GN),Ratnapura,2001-05-02,0,Ds Office,2001,5,1
RA2001,RAINS,lka009,lka009001,lka009001018,Kiridigala(GN),Ratnapura,2001-05-21,0,Ds Office,2001,5,1
RA2001,RAINS,lka009,lka009001,lka009001009,Idangoda(GN),Ratnapura,2001-07-06,0,Ds Office,2001,7,1
RA2001,RAINS,lka009,lka009001,lka009001015,Meddegama(GN),Ratnapura,2001-07-20,0,Ds Office,2001,7,1
RA2001,RAINS,lka009,lka009001,lka009001048,Walalgoda(GN),Ratnapura,2001-08-02,0,Ds Office,2001,8,1
RA2001,RAINS,lka009,lka009001,lka009001015,Amupitiya(GN),Ratnapura,2001-08-04,0,Ds Office,2001,8,1
RA2001,RAINS,lka009,lka009001,lka009001015,Aluthnuwara(GN),Ratnapura,2001-10-04,0,Ds Office,2001,10,1
RA2001,RAINS,lka009,lka009001,lka009001009,Holeepitiya(GN),Ratnapura,2001-10-25,0,Ds Office,2001,10,1
RA2001,RAINS,lka009,lka009001,lka009001048,Mulendiyawala(GN),Ratnapura,2001-11-22,0,Ds Office,2001,11,1
RA2001,RAINS,lka009,lka009001,lka009001048,Sudugala(GN),Ratnapura,2001-11-22,0,Ds Office,2001,11,1
RA2001,RAINS,lka009,lka009001,lka009001015,Kanchigune(GN),Ratnapura,2001-12-31,0,Ds Office,2001,12,1
RA2002,RAINS,lka009,lka009001,lka009001015,Passaramulla(GN),Ratnapura,2002-01-01,0,Ds Office,2002,1,1
RA2002,RAINS,lka009,lka009001,lka009001018,Vijanathkumbura(GN),Ratnapura,2002-01-05,0,Ds Office,2002,1,1
RA2002,RAINS,lka009,lka009001,lka009001018,Thumbagoda(GN),Ratnapura,2002-01-30,0,Ds Office,2002,1,1
RA2002,RAINS,lka009,lka009001,lka009001018,Balangoda(GN),Ratnapura,2002-04-15,0,Ds Office,2002,4,1
RA2002,RAINS,lka009,lka009001,lka009001018,Kumaragama(GN),Ratnapura,2002-04-15,0,Ds Office,2002,4,1
RA2002,RAINS,lka009,lka009001,lka009001018,Vikiliya(GN),Ratnapura,2002-04-24,0,Ds Office,2002,4,1
RA2002,RAINS,lka009,lka009001,lka009001018,Balangoda(GN),Ratnapura,2002-04-25,0,Ds Office,2002,4,1
RA2002,RAINS,lka009,lka009001,lka009001018,Mawela(GN),Ratnapura,2002-04-25,0,Ds Office,2002,4,1
RA2002,RAINS,lka009,lka009001,lka009001018,Kiridigala(GN),Ratnapura,2002-04-27,0,Ds Office,2002,4,1
RA2002,RAINS,lka009,lka009001,lka009001018,Bowatta(GN),Ratnapura,2002-04-29,0,Ds Office,2002,4,1
RA2002,RAINS,lka009,lka009001,lka009001018,Ellewatta(GN),Ratnapura,2002-04-29,0,Ds Office,2002,4,1
LA2002,LANDSLIDE,lka009,lka009001,lka009001015,Puwakgahawela(GN),Ratnapura,2002-05-10,0,"DI2002.10.07P01,P10,DN20021009P1/ Ds Off",2002,5,1
LA2002,LANDSLIDE,lka009,lka009001,lka009001042,Rakwana South(GN),Ratnapura,2002-05-17,0,Ds Office,2002,5,1
RA2002,RAINS,lka009,lka009001,lka009001015,Kumbalgama(GN),Ratnapura,2002-06-24,0,Ds Office,2002,6,1
RA2002,RAINS,lka009,lka009001,lka009001015,Ulupitiya(GN),Ratnapura,2002-06-24,0,Ds Office,2002,6,1
RA2002,RAINS,lka009,lka009001,lka009001018,Balangoda(GN),Ratnapura,2002-11-05,0,Ds Office,2002,11,1
RA2002,RAINS,lka009,lka009001,lka009001048,Panamura(GN),Ratnapura,2002-11-11,0,Ds Office,2002,11,1
RA2002,RAINS,lka009,lka009001,lka009001018,Dehigasthalawa(GN),Ratnapura,2002-11-15,0,Ds Office,2002,11,1
RA2002,RAINS,lka009,lka009001,lka009001018,Egoda Waleboda(GN),Ratnapura,2002-11-15,0,Ds Office,2002,11,1
RA2002,RAINS,lka009,lka009001,lka009001015,Udagama(GN),Ratnapura,2002-11-15,0,Ds Office,2002,11,1
LA2002,LANDSLIDE,lka009,lka009001,lka009001021,Liyanagoda(GN),Ratnapura,2002-11-19,0,Ds Office,2002,11,1
LA2002,LANDSLIDE,lka009,lka009001,lka009001021,Meegahawela(GN),Ratnapura,2002-11-19,0,Ds Office,2002,11,1
RA2002,RAINS,lka009,lka009001,lka009001018,Thumbagoda(GN),Ratnapura,2002-11-19,0,Ds Office,2002,11,1
RA2002,RAINS,lka009,lka009001,lka009001018,Kiridigala(GN),Ratnapura,2002-12-04,0,Ds Office,2002,12,1
RA2003,RAINS,lka009,lka009001,lka009001015,Belihuloya(GN),Ratnapura,2003-03-04,0,Ds Office,2003,3,1
RA2003,RAINS,lka009,lka009001,lka009001018,Messana(GN),Ratnapura,2003-03-05,0,Ds Office,2003,3,1
RA2003,RAINS,lka009,lka009001,lka009001015,Hatharabage(GN),Ratnapura,2003-03-16,0,Ds Office,2003,3,1
RA2003,RAINS,lka009,lka009001,lka009001015,Hatharabage(GN),Ratnapura,2003-03-18,0,Ds Office,2003,3,1
RA2003,RAINS,lka009,lka009001,lka009001009,Matuwagala(GN),Ratnapura,2003-03-20,0,Ds Office,2003,3,1
RA2003,RAINS,lka009,lka009001,lka009001018,Horaketiya(GN),Ratnapura,2003-04-02,0,Ds Office,2003,4,1
LA2003,LANDSLIDE,lka009,lka009001,lka009001015,Mamalgaha(GN),Ratnapura,2003-04-13,0,Ds Office,2003,4,1
RA2003,RAINS,lka009,lka009001,lka009001015,Thotapalla(GN),Ratnapura,2003-04-13,0,Ds Office,2003,4,1
RA2003,RAINS,lka009,lka009001,lka009001018,Kalupedigama(GN),Ratnapura,2003-05-10,0,Ds Office,2003,5,1
RA2003,RAINS,lka009,lka009001,lka009001018,Balangoda(GN),Ratnapura,2003-05-13,0,Ds Office,2003,5,1
LA2003,LANDSLIDE,lka009,lka009001,lka009001015,Rawanakanda(GN),Ratnapura,2003-05-16,0,Ds Office,2003,5,1
LA2003,LANDSLIDE,lka009,lka009001,lka009001027,Batakada(GN),Ratnapura,2003-05-17,0,Ds Office,2003,5,1
LA2003,LANDSLIDE,lka009,lka009001,lka009001036,Kiribathgala(GN),Ratnapura,2003-05-17,0,Ds Office,2003,5,1
LA2003,LANDSLIDE,lka009,lka009001,lka009001027,Palawela(GN),Ratnapura,2003-05-17,0,DI2003.05.20P01/ Ds Office,2003,5,1
LA2003,LANDSLIDE,lka009,lka009001,lka009001018,Polwathugoda(GN),Ratnapura,2003-05-17,0,Ds Office,2003,5,1
LA2003,LANDSLIDE,lka009,lka009001,lka009001036,Wanniyawatta(GN),Ratnapura,2003-05-17,0,Ds Office,2003,5,1
LA2003,LANDSLIDE,lka009,lka009001,lka009001042,,Ratnapura,2003-05-17,2, Ds Office,2003,5,1
LA2003,LANDSLIDE,lka009,lka009001,lka009001051,,Ratnapura,2003-05-17,1,Ds Office,2003,5,1
LA2003,LANDSLIDE,lka009,lka009001,lka009001030,,Ratnapura,2003-05-17,2,Ds Office,2003,5,1
LA2003,LANDSLIDE,lka009,lka009001,lka009001024,,Ratnapura,2003-05-17,2,Ds Office,2003,5,1
LA2003,LANDSLIDE,lka009,lka009001,lka009001033,,Ratnapura,2003-05-17,0,Ds Office,2003,5,1
RA2003,RAINS,lka009,lka009001,lka009001012,Malangama(GN),Ratnapura,2003-05-17,0,Ds Office,2003,5,1
LA2003,LANDSLIDE,lka009,lka009001,lka009001036,Deiwala(GN),Ratnapura,2003-05-18,0,DI2003.05.20P01,2003,5,1
LA2003,LANDSLIDE,lka009,lka009001,lka009001036,Doloswala kanda(GN),Ratnapura,2003-05-18,0,DI20030520P01,2003,5,1
LA2003,LANDSLIDE,lka009,lka009001,lka009001009,Epitawala(GN),Ratnapura,2003-05-18,0,DS OFFICE,2003,5,1
LA2003,LANDSLIDE,lka009,lka009001,lka009001009,Hungama(GN),Ratnapura,2003-05-18,0,DI20030520P1,2003,5,1
LA2003,LANDSLIDE,lka009,lka009001,lka009001009,Matuwagala(GN),Ratnapura,2003-05-18,0,DS OFFICE,2003,5,1
LA2003,LANDSLIDE,lka009,lka009001,lka009001012,Mawgama,Ratnapura,2003-05-18,0,DI20030520P1,2003,5,1
LA2003,LANDSLIDE,lka009,lka009001,lka009001012,Thanayam road,Ratnapura,2003-05-18,0,DI20030520P1,2003,5,1
LA2003,LANDSLIDE,lka009,lka009001,lka009001009,,Ratnapura,2003-05-18,1,Ds Office,2003,5,1
RA2003,RAINS,lka009,lka009001,lka009001045,Kottimbulwala(GN),Ratnapura,2003-05-18,0,Ds Office,2003,5,1
RA2003,RAINS,lka009,lka009001,lka009001045,Ranwala(GN),Ratnapura,2003-05-18,0,Ds Office,2003,5,1
RA2003,RAINS,lka009,lka009001,lka009001045,Thennehena(GN),Ratnapura,2003-05-18,0,Ds Office,2003,5,1
RA2003,RAINS,lka009,lka009001,lka009001045,Udaranwala(GN),Ratnapura,2003-05-18,0,Ds Office,2003,5,1
LA2003,LANDSLIDE,lka009,lka009001,lka009001036,Erabedda(GN),Ratnapura,2003-05-19,0,DI20030520P1,2003,5,1
LA2003,LANDSLIDE,lka009,lka009001,lka009001027,Kahawatta(GN),Ratnapura,2003-05-19,0,Ds Office,2003,5,1
LA2003,LANDSLIDE,lka009,lka009001,lka009001045,Ranwala(GN),Ratnapura,2003-05-19,0,Ds Office,2003,5,1
LA2003,LANDSLIDE,lka009,lka009001,lka009001027,,Ratnapura,2003-05-19,0,DS OFFICE,2003,5,1
RA2003,RAINS,lka009,lka009001,lka009001045,Elamalpe(GN),Ratnapura,2003-05-19,0,Ds Office,2003,5,1
RA2003,RAINS,lka009,lka009001,lka009001045,Kongasthenna(GN),Ratnapura,2003-05-19,0,Ds Office,2003,5,1
RA2003,RAINS,lka009,lka009001,lka009001045,Weligepola(GN),Ratnapura,2003-05-19,0,Ds Office,2003,5,1
LA2003,LANDSLIDE,lka009,lka009001,lka009001015,Gallenakanda(GN),Ratnapura,2003-05-20,0,Ds Office,2003,5,1
LA2003,LANDSLIDE,lka009,lka009001,lka009001015,Halpe(GN),Ratnapura,2003-05-20,0,Ds Office,2003,5,1
LA2003,LANDSLIDE,lka009,lka009001,lka009001015,Maddethalawa(GN),Ratnapura,2003-05-20,0,Ds Office,2003,5,1
LA2003,LANDSLIDE,lka009,lka009001,lka009001015,Muttettuvegama(GN),Ratnapura,2003-05-20,0,Ds Office,2003,5,1
LA2003,LANDSLIDE,lka009,lka009001,lka009001012,Muwagankandagama,Ratnapura,2003-05-20,0,Ds Office,2003,5,1
LA2003,LANDSLIDE,lka009,lka009001,lka009001015,Pagalovita(GN),Ratnapura,2003-05-20,0,Ds Office,2003,5,1
RA2003,RAINS,lka009,lka009001,lka009001045,Gangodagama(GN),Ratnapura,2003-05-21,0,Ds Office,2003,5,1
RA2003,RAINS,lka009,lka009001,lka009001045,Kongasthenna(GN),Ratnapura,2003-05-21,0,Ds Office,2003,5,1
RA2003,RAINS,lka009,lka009001,lka009001045,Madawalalanda(GN),Ratnapura,2003-05-21,0,Ds Office,2003,5,1
RA2003,RAINS,lka009,lka009001,lka009001045,Pussathota(GN),Ratnapura,2003-05-21,0,Ds Office,2003,5,1
RA2003,RAINS,lka009,lka009001,lka009001045,Thennehena(GN),Ratnapura,2003-05-21,0,Ds Office,2003,5,1
RA2003,RAINS,lka009,lka009001,lka009001045,Elamalpola(GN),Ratnapura,2003-05-22,0,Ds Office,2003,5,1
RA2003,RAINS,lka009,lka009001,lka009001045,Kongasthenna(GN),Ratnapura,2003-05-22,0,Ds Office,2003,5,1
LA2003,LANDSLIDE,lka009,lka009001,lka009001015,Morahela(GN),Ratnapura,2003-05-23,0,Ds Office,2003,5,1
LA2003,LANDSLIDE,lka009,lka009001,lka009001039,Kalaella(GN),Ratnapura,2003-05-26,0,DI2003.05.28P05,2003,5,1
LA2003,LANDSLIDE,lka009,lka009001,lka009001015,Kumburutheniwela(GN),Ratnapura,2003-05-30,0,Ds Office,2003,5,1
LA2003,LANDSLIDE,lka009,lka009001,lka009001015,Pandeniya(GN),Ratnapura,2003-05-30,0,Ds Office,2003,5,1
LA2003,LANDSLIDE,lka009,lka009001,lka009001033,Dolekanda(GN),Ratnapura,2003-05-31,0,Ds Office,2003,5,1
LA2003,LANDSLIDE,lka009,lka009001,lka009001033,Hapugoda(GN),Ratnapura,2003-05-31,0,Ds Office,2003,5,1
LA2003,LANDSLIDE,lka009,lka009001,lka009001033,Ilumbakanda(GN),Ratnapura,2003-05-31,0,Ds Office,2003,5,1
LA2003,LANDSLIDE,lka009,lka009001,lka009001033,Kathlana(GN),Ratnapura,2003-05-31,0,Ds Office,2003,5,1
LA2003,LANDSLIDE,lka009,lka009001,lka009001015,Kattadikanda(GN),Ratnapura,2003-05-31,0,DS OFFICE,2003,5,1
LA2003,LANDSLIDE,lka009,lka009001,lka009001033,Kudumiriya(GN),Ratnapura,2003-05-31,0,Ds Office,2003,5,1
LA2003,LANDSLIDE,lka009,lka009001,lka009001015,Maddethalawa(GN),Ratnapura,2003-05-31,0,DS OFFICE,2003,5,1
LA2003,LANDSLIDE,lka009,lka009001,lka009001015,Pagalowita(GN),Ratnapura,2003-05-31,0,DS OFFICE,2003,5,1
LA2003,LANDSLIDE,lka009,lka009001,lka009001033,Panapola(GN),Ratnapura,2003-05-31,0,DI2003.05.28P19/Ds Office,2003,5,1
LA2003,LANDSLIDE,lka009,lka009001,lka009001015,Pandeniya(GN),Ratnapura,2003-05-31,0,DS OFFICE,2003,5,1
LA2003,LANDSLIDE,lka009,lka009001,lka009001033,Thanabela(GN),Ratnapura,2003-05-31,0,Ds Office,2003,5,1
LA2003,LANDSLIDE,lka009,lka009001,lka009001015,,Ratnapura,2003-05-31,1,Ds Office,2003,5,1
RA2003,RAINS,lka009,lka009001,lka009001018,Kumaragama(GN),Ratnapura,2003-06-03,0,Ds Office,2003,6,1
LA2003,LANDSLIDE,lka009,lka009001,lka009001033,On Rakwana -Pothupitiya Road,Ratnapura,2003-06-06,2,DI2003.06.07P03,2003,6,1
RA2003,RAINS,lka009,lka009001,lka009001009,Dodampe(GN),Ratnapura,2003-06-20,0,Ds Office,2003,6,1
RA2003,RAINS,lka009,lka009001,lka009001018,Thotupalathenna(GN),Ratnapura,2003-07-03,0,Ds Office,2003,7,1
RA2003,RAINS,lka009,lka009001,lka009001018,Kiridigala(GN),Ratnapura,2003-07-11,0,Ds Office,2003,7,1
LA2003,LANDSLIDE,lka009,lka009001,lka009001045,Ilukkumbura(GN),Ratnapura,2003-07-12,1,Ds Office,2003,7,1
RA2003,RAINS,lka009,lka009001,lka009001015,Oluganthota(GN),Ratnapura,2003-08-12,0,Ds Office,2003,8,1
RA2003,RAINS,lka009,lka009001,lka009001015,Rawanakanda(GN),Ratnapura,2003-08-19,0,Ds Office,2003,8,1
RA2003,RAINS,lka009,lka009001,lka009001009,Akurana(GN),Ratnapura,2003-08-24,0,Ds Office,2003,8,1
RA2003,RAINS,lka009,lka009001,lka009001009,Ellawala Pahalagama(GN),Ratnapura,2003-09-02,0,Ds Office,2003,9,1
RA2003,RAINS,lka009,lka009001,lka009001018,Balangoda(GN),Ratnapura,2003-09-04,0,Ds Office,2003,9,1
RA2003,RAINS,lka009,lka009001,lka009001018,Damahana(GN),Ratnapura,2003-10-03,0,Ds Office,2003,10,1
RA2003,RAINS,lka009,lka009001,lka009001018,Messena(GN),Ratnapura,2003-10-12,0,Ds Office,2003,10,1
RA2003,RAINS,lka009,lka009001,lka009001015,Karagasthalawa(GN),Ratnapura,2003-10-18,0,Ds Office,2003,10,1
RA2003,RAINS,lka009,lka009001,lka009001018,Kirimetithenna(GN),Ratnapura,2003-11-03,0,Ds Office,2003,11,1
RA2003,RAINS,lka009,lka009001,lka009001018,Rassagala(GN),Ratnapura,2003-11-05,0,Ds Office,2003,11,1
RA2003,RAINS,lka009,lka009001,lka009001018,Balangoda(GN),Ratnapura,2003-11-14,0,Ds Office,2003,11,1
RA2003,RAINS,lka009,lka009001,lka009001015,Gurubevila(GN),Ratnapura,2003-11-16,0,Ds Office,2003,11,1
LA2003,LANDSLIDE,lka009,lka009001,lka009001015,Maddagama(GN),Ratnapura,2003-12-07,0,Ds Office,2003,12,1
RA2003,RAINS,lka009,lka009001,lka009001018,Kirimetithenna(GN),Ratnapura,2003-12-07,0,Ds Office,2003,12,1
RA2003,RAINS,lka009,lka009001,lka009001009,Deheragoda(GN),Ratnapura,2003-12-10,0,Ds Office,2003,12,1
LA2003,LANDSLIDE,lka009,lka009001,lka009001018,Mawela(GN),Ratnapura,2003-12-16,0,DI2003.12.18P18,2003,12,1
RA2004,RAINS,lka009,lka009001,lka009001018,Aldora(GN),Ratnapura,2004-01-20,0,Ds Office,2004,1,1
RA2004,RAINS,lka009,lka009001,lka009001015,Mamalgaha(GN),Ratnapura,2004-01-22,0,Ds Office,2004,1,1
RA2004,RAINS,lka009,lka009001,lka009001015,Alakolaella(GN),Ratnapura,2004-02-06,0,Ds Office,2004,2,1
RA2004,RAINS,lka009,lka009001,lka009001018,Polwathugoda(GN),Ratnapura,2004-03-20,0,Ds Office,2004,3,1
RA2004,RAINS,lka009,lka009001,lka009001015,Udagama(GN),Ratnapura,2004-03-31,0,Ds Office,2004,3,1
RA2004,RAINS,lka009,lka009001,lka009001018,Egoda Waleboda(GN),Ratnapura,2004-04-05,0,Ds Office,2004,4,1
RA2004,RAINS,lka009,lka009001,lka009001009,Ellawala(GN),Ratnapura,2004-04-14,0,Ds Office,2004,4,1
RA2004,RAINS,lka009,lka009001,lka009001009,Kanuggalla(GN),Ratnapura,2004-04-17,0,Ds Office,2004,4,1
RA2004,RAINS,lka009,lka009001,lka009001018,Ellepola(GN),Ratnapura,2004-04-23,0,Ds Office,2004,4,1
LA2004,LANDSLIDE,lka009,lka009001,lka009001012,Samagipura(GN),Ratnapura,2004-04-27,0,DS OFFICE,2004,4,1
LA2004,LANDSLIDE,lka009,lka009001,lka009001012,Thiriwanaketiya(GN),Ratnapura,2004-04-27,0,ASD,2004,4,1
LA2004,LANDSLIDE,lka009,lka009001,lka009001012,Weralupae(GN),Ratnapura,2004-04-27,0,DI2004.04.29P01,2004,4,1
RA2004,RAINS,lka009,lka009001,lka009001009,Deheragoda(GN),Ratnapura,2004-05-16,0,Ds Office,2004,5,1
RA2004,RAINS,lka009,lka009001,lka009001015,Meddethalawa(GN),Ratnapura,2004-05-19,0,Ds Office,2004,5,1
RA2004,RAINS,lka009,lka009001,lka009001018,Pallekanda(GN),Ratnapura,2004-05-22,0,Ds Office,2004,5,1
RA2004,RAINS,lka009,lka009001,lka009001018,Pallekanda(GN),Ratnapura,2004-05-23,0,Ds Office,2004,5,1
RA2004,RAINS,lka009,lka009001,lka009001018,Aldora(GN),Ratnapura,2004-05-25,0,Ds Office,2004,5,1
RA2004,RAINS,lka009,lka009001,lka009001015,Pidaligannawela(GN),Ratnapura,2004-06-05,0,Ds Office,2004,6,1
RA2004,RAINS,lka009,lka009001,lka009001018,Messana(GN),Ratnapura,2004-07-05,0,Ds Office,2004,7,1
RA2004,RAINS,lka009,lka009001,lka009001018,Dehigasthalawa(GN),Ratnapura,2004-09-26,0,Ds Office,2004,9,1
RA2004,RAINS,lka009,lka009001,lka009001018,Thotupalathenna(GN),Ratnapura,2004-09-26,0,Ds Office,2004,9,1
LA2004,LANDSLIDE,lka009,lka009001,lka009001003,Asgangula(GN),Ratnapura,2004-09-27,0,DI20040929P21,2004,9,1
RA2004,RAINS,lka009,lka009001,lka009001015,Belihuloya(GN),Ratnapura,2004-10-06,0,Ds Office,2004,10,1
RA2004,RAINS,lka009,lka009001,lka009001015,Bolthumbe(GN),Ratnapura,2004-10-06,0,Ds Office,2004,10,1
RA2004,RAINS,lka009,lka009001,lka009001015,Muttettuwegama(GN),Ratnapura,2004-10-31,0,Ds Office,2004,10,1
RA2004,RAINS,lka009,lka009001,lka009001009,Epitawala(GN),Ratnapura,2004-11-08,0,Ds Office,2004,11,1
RA2004,RAINS,lka009,lka009001,lka009001009,Matuwagala(GN),Ratnapura,2004-11-08,0,Ds Office,2004,11,1
RA2004,RAINS,lka009,lka009001,lka009001015,Ihala Galagama(GN),Ratnapura,2004-12-11,0,Ds Office,2004,12,1
RA2005,RAINS,lka009,lka009001,lka009001018,Welage(GN),Ratnapura,2005-01-02,0,Ds Office,2005,1,1
RA2005,RAINS,lka009,lka009001,lka009001015,Alakolaella(GN),Ratnapura,2005-01-06,0,Ds Office,2005,1,1
RA2005,RAINS,lka009,lka009001,lka009001018,Balangoda(GN),Ratnapura,2005-01-26,0,Ds Office,2005,1,1
RA2005,RAINS,lka009,lka009001,lka009001009,Ellawala Pahalagama(GN),Ratnapura,2005-02-02,0,Ds Office,2005,2,1
RA2005,RAINS,lka009,lka009001,lka009001015,Kumbalagama(GN),Ratnapura,2005-02-25,0,Ds Office,2005,2,1
LA2005,LANDSLIDE,lka009,lka009001,lka009001024,,Ratnapura,2005-03-08,0,Pelmadulla Ds Office,2005,3,1
RA2005,RAINS,lka009,lka009001,lka009001015,Kanathiriyanwala(GN),Ratnapura,2005-03-18,0,Ds Office,2005,3,1
RA2005,RAINS,lka009,lka009001,lka009001018,Damahana(GN),Ratnapura,2005-03-20,0,Ds Office,2005,3,1
RA2005,RAINS,lka009,lka009001,lka009001015,Kanathiriyanwela(GN),Ratnapura,2005-03-20,0,Ds Office,2005,3,1
RA2005,RAINS,lka009,lka009001,lka009001015,Maddegama(GN),Ratnapura,2005-03-20,0,Ds Office,2005,3,1
RA2005,RAINS,lka009,lka009001,lka009001015,Pinnawala(GN),Ratnapura,2005-03-20,0,Ds Office,2005,3,1
RA2005,RAINS,lka009,lka009001,lka009001009,Idangoda(GN),Ratnapura,2005-03-21,0,Ds Office,2005,3,1
RA2005,RAINS,lka009,lka009001,lka009001018,Kiridigala(GN),Ratnapura,2005-03-21,0,Ds Office,2005,3,1
RA2005,RAINS,lka009,lka009001,lka009001015,Kumburutheniwela(GN),Ratnapura,2005-03-23,0,Ds Office,2005,3,1
RA2005,RAINS,lka009,lka009001,lka009001015,Ihalagama(GN),Ratnapura,2005-03-24,0,Ds Office,2005,3,1
RA2005,RAINS,lka009,lka009001,lka009001045,Urawala(GN),Ratnapura,2005-03-28,0,Ds Office,2005,3,1
RA2005,RAINS,lka009,lka009001,lka009001015,Pallewela(GN),Ratnapura,2005-03-31,0,Ds Office,2005,3,1
RA2005,RAINS,lka009,lka009001,lka009001009,Yatipawwa(GN),Ratnapura,2005-04-02,0,Ds Office,2005,4,1
RA2005,RAINS,lka009,lka009001,lka009001015,Oluganthota(GN),Ratnapura,2005-04-04,0,Ds Office,2005,4,1
RA2005,RAINS,lka009,lka009001,lka009001015,Seelogama(GN),Ratnapura,2005-04-04,0,Ds Office,2005,4,1
RA2005,RAINS,lka009,lka009001,lka009001015,Waleboda North(GN),Ratnapura,2005-04-04,0,Ds Office,2005,4,1
LA2005,LANDSLIDE,lka009,lka009001,lka009001018,Rassagala(GN),Ratnapura,2005-04-09,2,Balangoda Ds Office,2005,4,1
RA2005,RAINS,lka009,lka009001,lka009001018,Rassagala(GN),Ratnapura,2005-04-18,0,Ds Office,2005,4,1
RA2005,RAINS,lka009,lka009001,lka009001018,Thalangama(GN),Ratnapura,2005-04-24,0,Ds Office,2005,4,1
LA2005,LANDSLIDE,lka009,lka009001,lka009001015,Budunwela(GN),Ratnapura,2005-04-25,0,Imbulpe Ds Office,2005,4,1
LA2005,LANDSLIDE,lka009,lka009001,lka009001045,Ilukkumbura(GN),Ratnapura,2005-04-25,0,Weligepola Ds Office,2005,4,1
RA2005,RAINS,lka009,lka009001,lka009001015,Seelogama(GN),Ratnapura,2005-04-25,0,Ds Office,2005,4,1
RA2005,RAINS,lka009,lka009001,lka009001015,Welanhinna(GN),Ratnapura,2005-04-25,0,Ds Office,2005,4,1
RA2005,RAINS,lka009,lka009001,lka009001018,Kirindigala(GN),Ratnapura,2005-04-26,0,Ds Office,2005,4,1
RA2005,RAINS,lka009,lka009001,lka009001018,Kumaragama(GN),Ratnapura,2005-04-26,0,Ds Office,2005,4,1
RA2005,RAINS,lka009,lka009001,lka009001015,Gurubevila(GN),Ratnapura,2005-05-04,0,Ds Office,2005,5,1
RA2005,RAINS,lka009,lka009001,lka009001015,Kumbalgama(GN),Ratnapura,2005-05-04,0,Ds Office,2005,5,1
RA2005,RAINS,lka009,lka009001,lka009001015,Pidaligannawela(GN),Ratnapura,2005-05-04,0,Ds Office,2005,5,1
LA2005,LANDSLIDE,lka009,lka009001,lka009001015,"Dethanagalawatta, Ihala Kotasa",Ratnapura,2005-06-12,0,Imbulpe Ds Office,2005,6,1
RA2005,RAINS,lka009,lka009001,lka009001015,Pallewela(GN),Ratnapura,2005-06-12,0,Ds Office,2005,6,1
RA2005,RAINS,lka009,lka009001,lka009001015,Selogama(GN),Ratnapura,2005-06-12,0,Ds Office,2005,6,1
RA2005,RAINS,lka009,lka009001,lka009001045,Badullegama(GN),Ratnapura,2005-07-15,0,Ds Office,2005,7,1
RA2005,RAINS,lka009,lka009001,lka009001009,Deheragoda(GN),Ratnapura,2005-08-28,0,Ds Office,2005,8,1
RA2005,RAINS,lka009,lka009001,lka009001015,Amuwathugoda(GN),Ratnapura,2005-09-19,0,Ds Office,2005,9,1
RA2005,RAINS,lka009,lka009001,lka009001015,Atawakwela(GN),Ratnapura,2005-09-19,0,Ds Office,2005,9,1
RA2005,RAINS,lka009,lka009001,lka009001018,Pallekanda(GN),Ratnapura,2005-09-26,0,Ds Office,2005,9,1
RA2005,RAINS,lka009,lka009001,lka009001009,Hadukanda(GN),Ratnapura,2005-10-03,0,Ds Office,2005,10,1
RA2005,RAINS,lka009,lka009001,lka009001015,Bolthumbe(GN),Ratnapura,2005-10-04,0,Ds Office,2005,10,1
RA2005,RAINS,lka009,lka009001,lka009001015,Hatharabage(GN),Ratnapura,2005-10-04,0,Ds Office,2005,10,1
RA2005,RAINS,lka009,lka009001,lka009001015,Kanathiriyanwela(GN),Ratnapura,2005-10-23,0,Ds Office,2005,10,1
RA2005,RAINS,lka009,lka009001,lka009001018,Vijanathkumbura(GN),Ratnapura,2005-11-15,0,Ds Office,2005,11,1
RA2005,RAINS,lka009,lka009001,lka009001015,Gallenakanda(GN),Ratnapura,2005-11-20,0,Ds Office,2005,11,1
LA2005,LANDSLIDE,lka009,lka009001,lka009001006,Parakaduwa(GN),Ratnapura,2005-11-21,0,DI20051123P05,2005,11,1
RA2005,RAINS,lka009,lka009001,lka009001021,Hallinna(GN),Ratnapura,2005-11-21,0,Ds Office,2005,11,1
LA2005,LANDSLIDE,lka009,lka009001,lka009001006,Pathberiya(GN),Ratnapura,2005-11-23,0,Kuruvita Ds Office,2005,11,1
RA2005,RAINS,lka009,lka009001,lka009001015,Pidaligannawela(GN),Ratnapura,2005-11-24,0,Ds Office,2005,11,1
LA2005,LANDSLIDE,lka009,lka009001,lka009001015,Gurubevilagama(GN),Ratnapura,2005-12-05,0,Imbulpe Ds Office,2005,12,1
LA2005,LANDSLIDE,lka009,lka009001,lka009001051,Henegoda(GN),Ratnapura,2005-12-05,0,ASD,2005,12,1
LA2005,LANDSLIDE,lka009,lka009001,lka009001015,Kanathiriyanwela(GN),Ratnapura,2005-12-05,0,Imbulpe Ds Office,2005,12,1
LA2005,LANDSLIDE,lka009,lka009001,lka009001015,Pallewela(GN),Ratnapura,2005-12-05,0,Imbulpe Ds Office,2005,12,1
LA2005,LANDSLIDE,lka009,lka009001,lka009001015,,Ratnapura,2005-12-05,0,Imbulpe Ds Office,2005,12,1
RA2005,RAINS,lka009,lka009001,lka009001009,Matuwagala(GN),Ratnapura,2005-12-05,0,Ds Office,2005,12,1
RA2005,RAINS,lka009,lka009001,lka009001018,Rassagala(GN),Ratnapura,2005-12-16,0,Ds Office,2005,12,1
RA2005,RAINS,lka009,lka009001,lka009001015,Pidaligannawela(GN),Ratnapura,2005-12-30,0,Ds Office,2005,12,1
RA2005,RAINS,lka009,lka009001,lka009001015,Pinnawala(GN),Ratnapura,2005-12-30,0,Ds Office,2005,12,1
RA2006,RAINS,lka009,lka009001,lka009001015,Mamalgaha(GN),Ratnapura,2006-01-31,0,Ds Office,2006,1,1
LA2006,LANDSLIDE,lka009,lka009001,lka009001018,Sarasvathiwatta,Ratnapura,2006-02-11,0,Ds Office,2006,2,1
LA2006,LANDSLIDE,lka009,lka009001,lka009001015,Bolthumbe (GN),Ratnapura,2006-03-07,0,Ds Office,2006,3,1
RA2006,RAINS,lka009,lka009001,lka009001015,Bolthumbe(GN),Ratnapura,2006-03-07,0,Ds Office,2006,3,1
RA2006,RAINS,lka009,lka009001,lka009001018,Thumbagoda(GN),Ratnapura,2006-03-07,0,Ds Office,2006,3,1
RA2006,RAINS,lka009,lka009001,lka009001009,Akurana(GN),Ratnapura,2006-03-14,0,Ds Office,2006,3,1
RA2006,RAINS,lka009,lka009001,lka009001009,Ellagawa(GN),Ratnapura,2006-03-14,0,Ds Office,2006,3,1
RA2006,RAINS,lka009,lka009001,lka009001009,Matuwagala(GN),Ratnapura,2006-03-15,0,Ds Office,2006,3,1
RA2006,RAINS,lka009,lka009001,lka009001015,Ihalagalagama(GN),Ratnapura,2006-03-28,0,Ds Office,2006,3,1
RA2006,RAINS,lka009,lka009001,lka009001009,Kiriella(GN),Ratnapura,2006-04-26,0,Ds Office,2006,4,1
RA2006,RAINS,lka009,lka009001,lka009001045,Gangodagama(GN),Ratnapura,2006-04-30,0,Ds Office,2006,4,1
RA2006,RAINS,lka009,lka009001,lka009001018,Thanjanthenna(GN),Ratnapura,2006-05-04,0,Ds Office,2006,5,1
RA2006,RAINS,lka009,lka009001,lka009001045,Urawala(GN),Ratnapura,2006-05-24,0,Ds Office,2006,5,1
RA2006,RAINS,lka009,lka009001,lka009001015,Muttettuwegama(GN),Ratnapura,2006-05-30,0,Ds Office,2006,5,1
RA2006,RAINS,lka009,lka009001,lka009001015,Thotapalla(GN),Ratnapura,2006-06-02,0,Ds Office,2006,6,1
RA2006,RAINS,lka009,lka009001,lka009001048,Julangete(GN),Ratnapura,2006-06-07,0,Ds Office,2006,6,1
RA2006,RAINS,lka009,lka009001,lka009001048,Padalangala(GN),Ratnapura,2006-06-07,0,Ds Office,2006,6,1
LA2006,LANDSLIDE,lka009,lka009001,lka009001015,"Madyagama, Dethanagala",Ratnapura,2006-06-22,0,Ds Office,2006,6,1
RA2006,RAINS,lka009,lka009001,lka009001015,Belihuloya(GN),Ratnapura,2006-07-01,0,Ds Office,2006,7,1
LA2006,LANDSLIDE,lka009,lka009001,lka009001045,Bopitigoda(GN),Ratnapura,2006-07-11,0,DS OFFICE,2006,7,1
LA2006,LANDSLIDE,lka009,lka009001,lka009001045,Kongasthenna(GN),Ratnapura,2006-07-11,0,DS OFFICE,2006,7,1
LA2006,LANDSLIDE,lka009,lka009001,lka009001045,Panana(GN),Ratnapura,2006-07-11,2,Weligepola Ds Office,2006,7,1
LA2006,LANDSLIDE,lka009,lka009001,lka009001015,,Ratnapura,2006-07-11,0,Ds Office,2006,7,1
LA2006,LANDSLIDE,lka009,lka009001,lka009001045,,Ratnapura,2006-07-11,2,Weligepola Ds Office,2006,7,1
RA2006,RAINS,lka009,lka009001,lka009001009,Hadukanda(GN),Ratnapura,2006-07-18,0,Ds Office,2006,7,1
LA2006,LANDSLIDE,lka009,lka009001,lka009001030,Gangodakanda (GN),Ratnapura,2006-08-11,0,LANKADEEPA20061110,2006,8,1
LA2006,LANDSLIDE,lka009,lka009001,lka009001051,Helaudakanda (GN),Ratnapura,2006-08-15,0,20060817NEWSPAPER,2006,8,1
RA2006,RAINS,lka009,lka009001,lka009001018,Dehigasthalawa(GN),Ratnapura,2006-10-02,0,Ds Office,2006,10,1
RA2006,RAINS,lka009,lka009001,lka009001036,Erabedda(GN),Ratnapura,2006-10-13,0,Ds Office,2006,10,1
RA2006,RAINS,lka009,lka009001,lka009001045,Bopitigoda(GN),Ratnapura,2006-10-20,0,Ds Office,2006,10,1
LA2006,LANDSLIDE,lka009,lka009001,lka009001006,Meneripitiya (GN),Ratnapura,2006-10-21,0,LANKADEEPA20061030,2006,10,1
RA2006,RAINS,lka009,lka009001,lka009001045,Thennahena(GN),Ratnapura,2006-10-23,0,Ds Office,2006,10,1
LA2006,LANDSLIDE,lka009,lka009001,lka009001006,Meneripitiya (GN),Ratnapura,2006-10-29,0,Ds Office,2006,10,1
LA2006,LANDSLIDE,lka009,lka009001,lka009001015,Kumburutheniwela (GN),Ratnapura,2006-11-03,0,Ds Office,2006,11,1
LA2006,LANDSLIDE,lka009,lka009001,lka009001018,Thalangama(GN),Ratnapura,2006-11-11,0,DIWAINA20061113 ,2006,11,1
LA2006,LANDSLIDE,lka009,lka009001,lka009001015,"Bolthumbe (GN), Bellankanda (GN)",Ratnapura,2006-11-25,0,LANKADEEPA20061127,2006,11,1
RA2006,RAINS,lka009,lka009001,lka009001015,Pinnawala(GN),Ratnapura,2006-11-25,0,LANKADEEPA20061125 ,2006,11,1
RA2006,RAINS,lka009,lka009001,lka009001018,Aldora(GN),Ratnapura,2006-11-29,0,Ds Office,2006,11,1
RA2006,RAINS,lka009,lka009001,lka009001018,Balangoda(GN),Ratnapura,2006-11-29,0,Ds Office,2006,11,1
RA2006,RAINS,lka009,lka009001,lka009001018,Batugammana(GN),Ratnapura,2006-11-29,0,Ds Office,2006,11,1
RA2006,RAINS,lka009,lka009001,lka009001018,Durakanda(GN),Ratnapura,2006-11-29,0,Ds Office,2006,11,1
RA2006,RAINS,lka009,lka009001,lka009001018,Egoda Waleboda(GN),Ratnapura,2006-11-29,0,Ds Office,2006,11,1
RA2006,RAINS,lka009,lka009001,lka009001018,Ellewatta(GN),Ratnapura,2006-11-29,0,Ds Office,2006,11,1
RA2006,RAINS,lka009,lka009001,lka009001018,Ellewela(GN),Ratnapura,2006-11-29,0,Ds Office,2006,11,1
RA2006,RAINS,lka009,lka009001,lka009001018,Gawarahena(GN),Ratnapura,2006-11-29,0,Ds Office,2006,11,1
RA2006,RAINS,lka009,lka009001,lka009001018,Horaketiya(GN),Ratnapura,2006-11-29,0,Ds Office,2006,11,1
RA2006,RAINS,lka009,lka009001,lka009001018,Jahinkanda(GN),Ratnapura,2006-11-29,0,Ds Office,2006,11,1
RA2006,RAINS,lka009,lka009001,lka009001018,Kiridigala(GN),Ratnapura,2006-11-29,0,Ds Office,2006,11,1
RA2006,RAINS,lka009,lka009001,lka009001018,Kumaragama(GN),Ratnapura,2006-11-29,0,Ds Office,2006,11,1
RA2006,RAINS,lka009,lka009001,lka009001018,Messenna(GN),Ratnapura,2006-11-29,0,Ds Office,2006,11,1
RA2006,RAINS,lka009,lka009001,lka009001018,Molamuraya(GN),Ratnapura,2006-11-29,0,Ds Office,2006,11,1
RA2006,RAINS,lka009,lka009001,lka009001018,Thalangama(GN),Ratnapura,2006-11-29,0,Ds Office,2006,11,1
RA2006,RAINS,lka009,lka009001,lka009001018,Welage(GN),Ratnapura,2006-11-29,0,Ds Office,2006,11,1
RA2006,RAINS,lka009,lka009001,lka009001045,Ilukkumbura(GN),Ratnapura,2006-12-05,0,Ds Office,2006,12,1
RA2007,RAINS,lka009,lka009001,lka009001036,Horangala(GN),Ratnapura,2007-01-17,0,Ds Office,2007,1,1
RA2007,RAINS,lka009,lka009001,lka009001018,Meddekanda(GN),Ratnapura,2007-01-20,0,Ds Office,2007,1,1
LA2007,LANDSLIDE,lka009,lka009001,lka009001006,Ekneligoda North(GN),Ratnapura,2007-02-05,0,LANKADEEPA20070504 ,2007,2,1
RA2007,RAINS,lka009,lka009001,lka009001033,Gagalagamuwa(GN),Ratnapura,2007-02-10,0,Ds Office,2007,2,1
RA2007,RAINS,lka009,lka009001,lka009001009,Epitawala(GN),Ratnapura,2007-03-06,0,Ds Office,2007,3,1
RA2007,RAINS,lka009,lka009001,lka009001033,Jathuwangoda(GN),Ratnapura,2007-03-11,0,Ds Office,2007,3,1
RA2007,RAINS,lka009,lka009001,lka009001018,Welekumbura(GN),Ratnapura,2007-03-12,0,Ds Office,2007,3,1
RA2007,RAINS,lka009,lka009001,lka009001018,Rassagala(GN),Ratnapura,2007-03-14,0,Ds Office,2007,3,1
RA2007,RAINS,lka009,lka009001,lka009001009,Ellawala Pahalagama(GN),Ratnapura,2007-03-18,0,Ds Office,2007,3,1
RA2007,RAINS,lka009,lka009001,lka009001021,Madola(GN),Ratnapura,2007-03-21,0,Ds Office,2007,3,1
RA2007,RAINS,lka009,lka009001,lka009001018,Kiridigala(GN),Ratnapura,2007-03-22,0,Ds Office,2007,3,1
RA2007,RAINS,lka009,lka009001,lka009001021,Batadura(GN),Ratnapura,2007-03-25,0,Ds Office,2007,3,1
RA2007,RAINS,lka009,lka009001,lka009001021,Hattella(GN),Ratnapura,2007-03-25,0,Ds Office,2007,3,1
RA2007,RAINS,lka009,lka009001,lka009001021,Opanayaka(GN),Ratnapura,2007-03-25,0,Ds Office,2007,3,1
RA2007,RAINS,lka009,lka009001,lka009001018,Pettigala(GN),Ratnapura,2007-05-01,0,Ds Office,2007,5,1
RA2007,RAINS,lka009,lka009001,lka009001048,New Town(GN),Ratnapura,2007-05-11,0,Ds Office,2007,5,1
RA2007,RAINS,lka009,lka009001,lka009001009,Dodampe West(GN),Ratnapura,2007-05-20,0,Ds Office,2007,5,1
LA2007,LANDSLIDE,lka009,lka009001,lka009001027,,Ratnapura,2007-06-22,0,Diwaina20070703,2007,6,1
RA2007,RAINS,lka009,lka009001,lka009001015,Pidaligannawela(GN),Ratnapura,2007-07-08,0,Ds Office,2007,7,1
RA2007,RAINS,lka009,lka009001,lka009001033,Hagarangala(GN),Ratnapura,2007-07-09,0,Ds Office,2007,7,1
LA2007,LANDSLIDE,lka009,lka009001,lka009001021,Madola(GN),Ratnapura,2007-08-11,0,EOC,2007,8,1
RA2007,RAINS,lka009,lka009001,lka009001015,Wegapitiya(GN),Ratnapura,2007-08-31,0,Ds Office,2007,8,1
RA2007,RAINS,lka009,lka009001,lka009001033,Gagalagamuwa(GN),Ratnapura,2007-09-17,0,Ds Office,2007,9,1
RA2007,RAINS,lka009,lka009001,lka009001018,Massenna(GN),Ratnapura,2007-09-17,0,Ds Office,2007,9,1
RA2007,RAINS,lka009,lka009001,lka009001033,Wewelkandura(GN),Ratnapura,2007-09-20,0,Ds Office,2007,9,1
RA2007,RAINS,lka009,lka009001,lka009001033,Wembiyagoda(GN),Ratnapura,2007-09-21,0,Ds Office,2007,9,1
RA2007,RAINS,lka009,lka009001,lka009001048,Hingura Ara(GN),Ratnapura,2007-10-11,0,Ds Office,2007,10,1
RA2007,RAINS,lka009,lka009001,lka009001048,Kalagedi Ara(GN),Ratnapura,2007-10-11,0,Ds Office,2007,10,1
RA2007,RAINS,lka009,lka009001,lka009001048,Padalangala(GN),Ratnapura,2007-10-11,0,Ds Office,2007,10,1
RA2007,RAINS,lka009,lka009001,lka009001033,Koswatta(GN),Ratnapura,2007-10-20,0,Ds Office,2007,10,1
LA2007,LANDSLIDE,lka009,lka009001,lka009001012,Kahangama(GN),Ratnapura,2007-10-22,0,EOC,2007,10,1
RA2007,RAINS,lka009,lka009001,lka009001048,Kumbugoda Ara(GN),Ratnapura,2007-11-10,0,Ds Office,2007,11,1
RA2007,RAINS,lka009,lka009001,lka009001015,Ihalagama(GN),Ratnapura,2007-11-15,0,Ds Office,2007,11,1
RA2007,RAINS,lka009,lka009001,lka009001021,Akarella(GN),Ratnapura,2007-11-20,0,Ds Office,2007,11,1
RA2007,RAINS,lka009,lka009001,lka009001015,Pallewela(N),Ratnapura,2007-11-20,0,Ds Office,2007,11,1
RA2007,RAINS,lka009,lka009001,lka009001015,Amuwathugoda(GN),Ratnapura,2007-11-21,0,Ds Office,2007,11,1
RA2007,RAINS,lka009,lka009001,lka009001015,Maddegama(GN),Ratnapura,2007-11-21,0,Ds Office,2007,11,1
LA2007,LANDSLIDE,lka009,lka009001,lka009001051,Kumburugamuwa(GN),Ratnapura,2007-12-05,0,LANKADEEPA20070516,2007,12,1
RA2007,RAINS,lka009,lka009001,lka009001018,Polwathugoda(GN),Ratnapura,2007-12-11,0,Ds Office,2007,12,1
LA2007,LANDSLIDE,lka009,lka009001,lka009001012,Malwala(GN),Ratnapura,2007-12-18,0,EOC,2007,12,1
RA2007,RAINS,lka009,lka009001,lka009001015,Puwakgahawela(GN),Ratnapura,2007-12-19,0,Ds Office,2007,12,1
RA2007,RAINS,lka009,lka009001,lka009001015,Imbulpe(GN),Ratnapura,2007-12-22,0,Ds Office,2007,12,1
LA2007,LANDSLIDE,lka009,lka009001,lka009001036,Kolombugama(GN),Ratnapura,2007-12-25,0,EOC,2007,12,1
RA2008,RAINS,lka009,lka009001,lka009001018,Polwathugoda(GN),Ratnapura,2008-01-04,0,Ds Office,2008,1,1
RA2008,RAINS,lka009,lka009001,lka009001018,Welekumbura(GN),Ratnapura,2008-01-04,0,ASD,2008,1,1
RA2008,RAINS,lka009,lka009001,lka009001018,Rajawaka(GN),Ratnapura,2008-01-12,0,Ds Office,2008,1,1
LA2008,LANDSLIDE,lka009,lka009001,lka009001036,,Ratnapura,2008-02-06,0,EOC,2008,2,1
RA2008,RAINS,lka009,lka009001,lka009001021,Pelenkanda(GN),Ratnapura,2008-03-03,0,Ds Office,2008,3,1
RA2008,RAINS,lka009,lka009001,lka009001021,Udawela(GN),Ratnapura,2008-03-03,0,Ds Office,2008,3,1
RA2008,RAINS,lka009,lka009001,lka009001033,Panapola(GN),Ratnapura,2008-03-04,0,Ds Office,2008,3,1
RA2008,RAINS,lka009,lka009001,lka009001033,Wewagama(GN),Ratnapura,2008-03-10,0,Ds Office,2008,3,1
LA2008,LANDSLIDE,lka009,lka009001,lka009001018,Damahana(GN),Ratnapura,2008-03-15,0,Ds Office,2008,3,1
LA2008,LANDSLIDE,lka009,lka009001,lka009001018,Kumaragama(GN),Ratnapura,2008-03-15,0,Ds Office,2008,3,1
LA2008,LANDSLIDE,lka009,lka009001,lka009001018,Pallekanda(GN),Ratnapura,2008-03-15,0,Ds Office,2008,3,1
LA2008,LANDSLIDE,lka009,lka009001,lka009001018,Thalangama(GN),Ratnapura,2008-03-15,0,Ds Office,2008,3,1
LA2008,LANDSLIDE,lka009,lka009001,lka009001018,Vikiliya(GN),Ratnapura,2008-03-15,0,Ds Office,2008,3,1
RA2008,RAINS,lka009,lka009001,lka009001018,Kirimetithenna(GN),Ratnapura,2008-03-15,0,Ds Office,2008,3,1
RA2008,RAINS,lka009,lka009001,lka009001018,Rassagala(GN),Ratnapura,2008-03-24,0,Ds Office,2008,3,1
LA2008,LANDSLIDE,lka009,lka009001,lka009001018,"Horaketiya (GN), Pallekanda (GN)",Ratnapura,2008-03-29,0,EOC,2008,3,1
RA2008,RAINS,lka009,lka009001,lka009001033,Wewelkandura(GN),Ratnapura,2008-04-06,0,Ds Office,2008,4,1
RA2008,RAINS,lka009,lka009001,lka009001033,Koswatta(GN),Ratnapura,2008-04-16,0,Ds Office,2008,4,1
RA2008,RAINS,lka009,lka009001,lka009001033,Hagarangala(GN),Ratnapura,2008-04-23,0,Ds Office,2008,4,1
LA2008,LANDSLIDE,lka009,lka009001,lka009001033,Dolekanda(GN),Ratnapura,2008-04-28,0,Ds Office,2008,4,1
LA2008,LANDSLIDE,lka009,lka009001,lka009001033,Gagalagamuwa(GN),Ratnapura,2008-04-28,0,Ds Office,2008,4,1
LA2008,LANDSLIDE,lka009,lka009001,lka009001033,Hagarangala(GN),Ratnapura,2008-04-28,0,Ds Office,2008,4,1
LA2008,LANDSLIDE,lka009,lka009001,lka009001033,Jathuwangoda(GN),Ratnapura,2008-04-28,0,Ds Office,2008,4,1
LA2008,LANDSLIDE,lka009,lka009001,lka009001033,Kalawana East(GN),Ratnapura,2008-04-28,0,Ds Office,2008,4,1
LA2008,LANDSLIDE,lka009,lka009001,lka009001033,Kodippilikanda(GN),Ratnapura,2008-04-28,0,Ds Office,2008,4,1
LA2008,LANDSLIDE,lka009,lka009001,lka009001033,Kukulegama North(GN),Ratnapura,2008-04-28,0,Ds Office,2008,4,1
LA2008,LANDSLIDE,lka009,lka009001,lka009001021,Madola (GN),Ratnapura,2008-04-28,0,EOC,2008,4,1
LA2008,LANDSLIDE,lka009,lka009001,lka009001033,Rambuka(GN),Ratnapura,2008-04-28,0,Ds Office,2008,4,1
LA2008,LANDSLIDE,lka009,lka009001,lka009001033,Thapassarakanda(GN),Ratnapura,2008-04-28,0,Ds Office,2008,4,1
LA2008,LANDSLIDE,lka009,lka009001,lka009001033,Wembiyagoda(GN),Ratnapura,2008-04-28,0,Ds Office,2008,4,1
RA2008,RAINS,lka009,lka009001,lka009001039,Atakalapanna(GN),Ratnapura,2008-04-28,0,Ds Office,2008,4,1
RA2008,RAINS,lka009,lka009001,lka009001039,Bungiriya(GN),Ratnapura,2008-04-28,0,Ds Office,2008,4,1
RA2008,RAINS,lka009,lka009001,lka009001039,Colony,Ratnapura,2008-04-28,0,Ds Office,2008,4,1
RA2008,RAINS,lka009,lka009001,lka009001039,Gabbela(GN),Ratnapura,2008-04-28,0,Ds Office,2008,4,1
RA2008,RAINS,lka009,lka009001,lka009001039,Nabuluwa(GN),Ratnapura,2008-04-28,0,Ds Office,2008,4,1
RA2008,RAINS,lka009,lka009001,lka009001039,Nugawela West(GN),Ratnapura,2008-04-28,0,Ds Office,2008,4,1
RA2008,RAINS,lka009,lka009001,lka009001039,Panapitiya North(GN),Ratnapura,2008-04-28,0,Ds Office,2008,4,1
RA2008,RAINS,lka009,lka009001,lka009001039,Udaha Hawpe(GN),Ratnapura,2008-04-28,0,Ds Office,2008,4,1
RA2008,RAINS,lka009,lka009001,lka009001039,Weladura(GN),Ratnapura,2008-04-28,0,Ds Office,2008,4,1
RA2008,RAINS,lka009,lka009001,lka009001039,Yatagara(GN),Ratnapura,2008-04-28,0,Ds Office,2008,4,1
LA2008,LANDSLIDE,lka009,lka009001,lka009001024,Dewalegama(GN),Ratnapura,2008-04-29,0,EOC,2008,4,1
LA2008,LANDSLIDE,lka009,lka009001,lka009001027,Kehelovitigama(GN),Ratnapura,2008-04-29,0,EOC,2008,4,1
LA2008,LANDSLIDE,lka009,lka009001,lka009001027,Samangama(GN),Ratnapura,2008-04-29,0,EOC,2008,4,1
RA2008,RAINS,lka009,lka009001,lka009001018,Pettigala(GN),Ratnapura,2008-05-03,0,Ds Office,2008,5,1
RA2008,RAINS,lka009,lka009001,lka009001021,Hallinna(GN),Ratnapura,2008-05-07,0,Ds Office,2008,5,1
LA2008,LANDSLIDE,lka009,lka009001,lka009001009,Akurana(GN),Ratnapura,2008-05-12,0,EOC,2008,5,1
RA2008,RAINS,lka009,lka009001,lka009001009,Idangoda(GN),Ratnapura,2008-05-14,0,Ds Office,2008,5,1
RA2008,RAINS,lka009,lka009001,lka009001033,Kodippilikanda(GN),Ratnapura,2008-05-27,0,Ds Office,2008,5,1
RA2008,RAINS,lka009,lka009001,lka009001015,Aluthnuwara(GN),Ratnapura,2008-05-30,0,Ds Office,2008,5,1
LA2008,LANDSLIDE,lka009,lka009001,lka009001033,Gagalagamuwa(GN),Ratnapura,2008-05-31,0,Ds Office,2008,5,1
LA2008,LANDSLIDE,lka009,lka009001,lka009001033,Hapugoda(GN),Ratnapura,2008-05-31,0,Ds Office,2008,5,1
LA2008,LANDSLIDE,lka009,lka009001,lka009001033,Rambuka(GN),Ratnapura,2008-05-31,0,Ds Office,2008,5,1
LA2008,LANDSLIDE,lka009,lka009001,lka009001003,Vilegoda(GN),Ratnapura,2008-05-31,0,EOC,2008,5,1
LA2008,LANDSLIDE,lka009,lka009001,lka009001033,Weddagala East(GN),Ratnapura,2008-05-31,0,Ds Office,2008,5,1
LA2008,LANDSLIDE,lka009,lka009001,lka009001033,Weddagala West(GN),Ratnapura,2008-05-31,0,Ds Office,2008,5,1
RA2008,RAINS,lka009,lka009001,lka009001033,Wewelkandura(GN),Ratnapura,2008-05-31,0,Ds Office,2008,5,1
RA2008,RAINS,lka009,lka009001,lka009001021,Madola(GN),Ratnapura,2008-06-03,0,Ds Office,2008,6,1
RA2008,RAINS,lka009,lka009001,lka009001033,Wewelkandura(GN),Ratnapura,2008-06-15,0,Ds Office,2008,6,1
RA2008,RAINS,lka009,lka009001,lka009001018,Balangoda(GN),Ratnapura,2008-07-03,0,Ds Office,2008,7,1
RA2008,RAINS,lka009,lka009001,lka009001021,Metihakwala(GN),Ratnapura,2008-07-11,0,Ds Office,2008,7,1
RA2008,RAINS,lka009,lka009001,lka009001015,Bellankanda(GN),Ratnapura,2008-07-20,0,Ds Office,2008,7,1
RA2008,RAINS,lka009,lka009001,lka009001033,Samanpura(GN),Ratnapura,2008-07-24,0,Ds Office,2008,7,1
RA2008,RAINS,lka009,lka009001,lka009001021,Akaralla(GN),Ratnapura,2008-08-01,0,Ds Office,2008,8,1
RA2008,RAINS,lka009,lka009001,lka009001021,Hanuwala North(GN),Ratnapura,2008-08-01,0,Ds Office,2008,8,1
RA2008,RAINS,lka009,lka009001,lka009001021,Hanuwala South(GN),Ratnapura,2008-08-01,0,Ds Office,2008,8,1
RA2008,RAINS,lka009,lka009001,lka009001018,Massenna(GN),Ratnapura,2008-08-02,0,Ds Office,2008,8,1
RA2008,RAINS,lka009,lka009001,lka009001018,Jasinkanda(GN),Ratnapura,2008-08-11,0,ASD,2008,8,1
RA2008,RAINS,lka009,lka009001,lka009001018,Mawela(GN),Ratnapura,2008-08-11,0,Ds Office,2008,8,1
RA2008,RAINS,lka009,lka009001,lka009001033,Wevalkandura(GN),Ratnapura,2008-08-18,0,Ds Office,2008,8,1
RA2008,RAINS,lka009,lka009001,lka009001015,Maddethalawa(GN),Ratnapura,2008-08-20,0,Ds Office,2008,8,1
RA2008,RAINS,lka009,lka009001,lka009001009,Ellagawa(GN),Ratnapura,2008-08-21,0,Ds Office,2008,8,1
RA2008,RAINS,lka009,lka009001,lka009001015,Muttettuwegama(GN),Ratnapura,2008-08-26,0,Ds Office,2008,8,1
LA2008,LANDSLIDE,lka009,lka009001,lka009001051,Walakada(GN),Ratnapura,2008-09-12,0,LA10122008,2008,9,1
RA2008,RAINS,lka009,lka009001,lka009001033,Kathlana(GN),Ratnapura,2008-10-15,0,Ds Office,2008,10,1
LA2008,LANDSLIDE,lka009,lka009001,lka009001009,,Ratnapura,2008-10-17,0,EOC,2008,10,1
RA2008,RAINS,lka009,lka009001,lka009001021,Wallaketiya(GN),Ratnapura,2008-10-18,0,Ds Office,2008,10,1
LA2008,LANDSLIDE,lka009,lka009001,lka009001051,Kolonna(GN),Ratnapura,2008-10-20,0,EOC,2008,10,1
LA2008,LANDSLIDE,lka009,lka009001,lka009001051,Butkanda(GN),Ratnapura,2008-12-03,0,Ds Office,2008,12,1
LA2008,LANDSLIDE,lka009,lka009001,lka009001051,Ereporuwa(GN),Ratnapura,2008-12-03,0,Ds Office,2008,12,1
LA2008,LANDSLIDE,lka009,lka009001,lka009001051,Ittakanda(GN),Ratnapura,2008-12-03,0,Ds Office,2008,12,1
LA2008,LANDSLIDE,lka009,lka009001,lka009001051,Koppakanda(GN),Ratnapura,2008-12-03,0,Ds Office,2008,12,1
LA2008,LANDSLIDE,lka009,lka009001,lka009001051,Nedola,Ratnapura,2008-12-03,0,EOC,2008,12,1
LA2008,LANDSLIDE,lka009,lka009001,lka009001051,Ullinduwawa(GN),Ratnapura,2008-12-03,0,Ds Office,2008,12,1
RA2008,RAINS,lka009,lka009001,lka009001033,Panapola(GN),Ratnapura,2008-12-04,0,Ds Office,2008,12,1
LA2008,LANDSLIDE,lka009,lka009001,lka009001024,Pelmadulla Town(GN),Ratnapura,2008-12-28,0,EOC,2008,12,1
RA2009,RAINS,lka009,lka009001,lka009001039,Pahamunupanna(GN),Ratnapura,2009-01-07,0,Ds Office,2009,1,1
RA2009,RAINS,lka009,lka009001,lka009001018,Kiridigala(GN),Ratnapura,2009-01-10,0,Ds Office,2009,1,1
LA2009,LANDSLIDE,lka009,lka009001,lka009001021,Hunuwala North(GN),Ratnapura,2009-01-12,0,Ds Office,2009,1,1
LA2009,LANDSLIDE,lka009,lka009001,lka009001021,Hunuwala South(GN),Ratnapura,2009-01-12,0,Ds Office,2009,1,1
LA2009,LANDSLIDE,lka009,lka009001,lka009001021,Malmeekanda(GN),Ratnapura,2009-01-12,0,Ds Office,2009,1,1
LA2009,LANDSLIDE,lka009,lka009001,lka009001021,Meegahawela(GN),Ratnapura,2009-01-12,0,Ds Office,2009,1,1
LA2009,LANDSLIDE,lka009,lka009001,lka009001021,Metihakwala(GN),Ratnapura,2009-01-12,0,Ds Office,2009,1,1
RA2009,RAINS,lka009,lka009001,lka009001027,Amuwala(GN),Ratnapura,2009-02-07,0,Ds Office,2009,2,1
RA2009,RAINS,lka009,lka009001,lka009001009,Munasinhapura(GN),Ratnapura,2009-02-10,0,Ds Office,2009,2,1
RA2009,RAINS,lka009,lka009001,lka009001018,Horaketiya(GN),Ratnapura,2009-02-23,0,Ds Office,2009,2,1
RA2009,RAINS,lka009,lka009001,lka009001018,Balangoda(GN),Ratnapura,2009-03-05,0,Ds Office,2009,3,1
RA2009,RAINS,lka009,lka009001,lka009001036,Kiribathgala(GN),Ratnapura,2009-03-11,0,Ds Office,2009,3,1
LA2009,LANDSLIDE,lka009,lka009001,lka009001051,Walakada(GN),Ratnapura,2009-03-25,0,DV28032009,2009,3,1
RA2009,RAINS,lka009,lka009001,lka009001045,Ranwala(GN),Ratnapura,2009-04-06,0,Ds Office,2009,4,1
RA2009,RAINS,lka009,lka009001,lka009001039,Panapitiya North(GN),Ratnapura,2009-04-07,0,Ds Office,2009,4,1
RA2009,RAINS,lka009,lka009001,lka009001009,Kiriella(Gn),Ratnapura,2009-04-16,0,Ds Office,2009,4,1
RA2009,RAINS,lka009,lka009001,lka009001018,Balangoda(GN),Ratnapura,2009-04-17,0,Ds Office,2009,4,1
RA2009,RAINS,lka009,lka009001,lka009001018,Dehigasthalawa(GN),Ratnapura,2009-05-02,0,Ds Office,2009,5,1
RA2009,RAINS,lka009,lka009001,lka009001009,Akurana(GN),Ratnapura,2009-05-23,0,Ds Office,2009,5,1
RA2009,RAINS,lka009,lka009001,lka009001018,Welekumbura(GN),Ratnapura,2009-05-23,0,Ds Office,2009,5,1
LA2009,LANDSLIDE,lka009,lka009001,lka009001024,Dewalegama(GN),Ratnapura,2009-06-25,0,EOC,2009,6,1
RA2009,RAINS,lka009,lka009001,lka009001039,Nugawela West(GN),Ratnapura,2009-06-29,0,Ds Office,2009,6,1
RA2009,RAINS,lka009,lka009001,lka009001039,Atakalapanna(GN),Ratnapura,2009-06-30,0,Ds Office,2009,6,1
RA2009,RAINS,lka009,lka009001,lka009001039,Panapitiya South(GN),Ratnapura,2009-06-30,0,Ds Office,2009,6,1
RA2009,RAINS,lka009,lka009001,lka009001030,Pitakanda(GN),Ratnapura,2009-07-11,0,Ds Office,2009,7,1
RA2009,RAINS,lka009,lka009001,lka009001009,Epitawala(GN),Ratnapura,2009-07-14,0,Ds Office,2009,7,1
RA2009,RAINS,lka009,lka009001,lka009001009,Mudunkotuwa(GN),Ratnapura,2009-07-14,0,Ds Office,2009,7,1
LA2009,LANDSLIDE,lka009,lka009001,lka009001033,Dawgalagama(GN),Ratnapura,2009-08-16,0,Ds Offie,2009,8,1
LA2009,LANDSLIDE,lka009,lka009001,lka009001033,Delgoda East(GN),Ratnapura,2009-08-16,0,Ds Office,2009,8,1
LA2009,LANDSLIDE,lka009,lka009001,lka009001033,Delgoda West(GN),Ratnapura,2009-08-16,0,Ds Office,2009,8,1
LA2009,LANDSLIDE,lka009,lka009001,lka009001033,Gagalagamuwa(GN),Ratnapura,2009-08-16,0,Ds Office,2009,8,1
LA2009,LANDSLIDE,lka009,lka009001,lka009001033,Hagarangala(GN),Ratnapura,2009-08-16,0,Ds Office,2009,8,1
LA2009,LANDSLIDE,lka009,lka009001,lka009001033,Hapugoda(GN),Ratnapura,2009-08-16,0,Ds Office,2009,8,1
LA2009,LANDSLIDE,lka009,lka009001,lka009001033,Jathuwangoda(GN),Ratnapura,2009-08-16,0,Ds Office,2009,8,1
LA2009,LANDSLIDE,lka009,lka009001,lka009001033,Kalawana East(GN),Ratnapura,2009-08-16,0,Ds Office,2009,8,1
LA2009,LANDSLIDE,lka009,lka009001,lka009001033,Kalawana West(GN),Ratnapura,2009-08-16,0,Ds Office,2009,8,1
LA2009,LANDSLIDE,lka009,lka009001,lka009001033,Kodippilikanda(GN),Ratnapura,2009-08-16,0,Ds Office,2009,8,1
LA2009,LANDSLIDE,lka009,lka009001,lka009001033,Koswatta(GN),Ratnapura,2009-08-16,0,Ds Office,2009,8,1
LA2009,LANDSLIDE,lka009,lka009001,lka009001033,Kudawa(GN),Ratnapura,2009-08-16,0,Ds Office,2009,8,1
LA2009,LANDSLIDE,lka009,lka009001,lka009001033,Kudumiriya(GN),Ratnapura,2009-08-16,0,Ds Office,2009,8,1
LA2009,LANDSLIDE,lka009,lka009001,lka009001033,Kukulegam South(GN),Ratnapura,2009-08-16,0,Ds Office,2009,8,1
LA2009,LANDSLIDE,lka009,lka009001,lka009001033,Kukulegama North(GN),Ratnapura,2009-08-16,0,Ds Office,2009,8,1
LA2009,LANDSLIDE,lka009,lka009001,lka009001033,Meepagama(GN),Ratnapura,2009-08-16,0,Ds Office,2009,8,1
LA2009,LANDSLIDE,lka009,lka009001,lka009001033,Near The Kalawana Police Station,Ratnapura,2009-08-16,0,EOC,2009,8,1
LA2009,LANDSLIDE,lka009,lka009001,lka009001033,Pitagalakanda(GN),Ratnapura,2009-08-16,0,Ds Office,2009,8,1
LA2009,LANDSLIDE,lka009,lka009001,lka009001033,Samanpura(GN),Ratnapura,2009-08-16,0,Ds Office,2009,8,1
LA2009,LANDSLIDE,lka009,lka009001,lka009001033,Thapassarakanda(GN),Ratnapura,2009-08-16,0,Ds Office,2009,8,1
LA2009,LANDSLIDE,lka009,lka009001,lka009001033,Thuduwa(GN),Ratnapura,2009-08-16,0,Ds Office,2009,8,1
LA2009,LANDSLIDE,lka009,lka009001,lka009001033,Wathurawa(GN),Ratnapura,2009-08-16,0,Ds Office,2009,8,1
LA2009,LANDSLIDE,lka009,lka009001,lka009001033,Weddagala East(GN),Ratnapura,2009-08-16,0,Ds Office,2009,8,1
LA2009,LANDSLIDE,lka009,lka009001,lka009001033,Weddagala West(GN),Ratnapura,2009-08-16,0,Ds Office,2009,8,1
LA2009,LANDSLIDE,lka009,lka009001,lka009001033,Wembiyagoda(GN),Ratnapura,2009-08-16,0,Ds Office,2009,8,1
LA2009,LANDSLIDE,lka009,lka009001,lka009001033,Wewagama(GN),Ratnapura,2009-08-16,0,Ds Office,2009,8,1
LA2009,LANDSLIDE,lka009,lka009001,lka009001033,Wewelkandura(GN),Ratnapura,2009-08-16,0,Ds Office,2009,8,1
RA2009,RAINS,lka009,lka009001,lka009001009,Holeepitiya(GN),Ratnapura,2009-08-16,0,Ds Office,2009,8,1
RA2009,RAINS,lka009,lka009001,lka009001009,Ellagawa(GN),Ratnapura,2009-09-05,0,Ds Office,2009,9,1
RA2009,RAINS,lka009,lka009001,lka009001009,Ellawala(GN),Ratnapura,2009-09-05,0,Ds Office,2009,9,1
RA2009,RAINS,lka009,lka009001,lka009001018,Pettigala(GN),Ratnapura,2009-09-11,0,Ds Office,2009,9,1
LA2009,LANDSLIDE,lka009,lka009001,lka009001012,,Ratnapura,2009-10-06,0,Ds Office,2009,10,1
RA2009,RAINS,lka009,lka009001,lka009001021,Pelenkanda(GN),Ratnapura,2009-10-09,0,Ds Office,2009,10,1
RA2009,RAINS,lka009,lka009001,lka009001018,Pettigala(GN),Ratnapura,2009-10-24,0,Ds Office,2009,10,1
RA2009,RAINS,lka009,lka009001,lka009001048,Yodagama(GN),Ratnapura,2009-11-11,0,Ds Office,2009,11,1
RA2009,RAINS,lka009,lka009001,lka009001018,Kiridigala(GN),Ratnapura,2009-11-20,0,Ds Office,2009,11,1
LA2009,LANDSLIDE,lka009,lka009001,lka009001018,Pallekanda(GN),Ratnapura,2009-11-21,0,EOC,2009,11,1
RA2009,RAINS,lka009,lka009001,lka009001018,Horaketiya(GN),Ratnapura,2009-11-21,0,Ds Office,2009,11,1
RA2009,RAINS,lka009,lka009001,lka009001018,Pallekanda(GN),Ratnapura,2009-11-21,0,Ds Office,2009,11,1
RA2009,RAINS,lka009,lka009001,lka009001018,Thumbagoda(GN),Ratnapura,2009-11-21,0,Ds Office,2009,11,1
RA2009,RAINS,lka009,lka009001,lka009001018,,Ratnapura,2009-11-21,0,EOC,2009,11,1
RA2009,RAINS,lka009,lka009001,lka009001039,,Ratnapura,2009-11-21,0,EOC,2009,11,1
LA2010,LANDSLIDE,lka009,lka009001,lka009001051,Buthkanda(GN),Ratnapura,2010-03-12,0,EOC,2010,3,1
LA2010,LANDSLIDE,lka009,lka009001,lka009001003,Getahetta(GN),Ratnapura,2010-05-17,0,EOC,2010,5,1
LA2010,LANDSLIDE,lka009,lka009001,lka009001003,Hulandoowa(GN),Ratnapura,2010-05-17,0,EOC,2010,5,1
LA2010,LANDSLIDE,lka009,lka009001,lka009001051,Ittekanda(GN),Ratnapura,2010-05-17,0,EOC,2010,5,1
LA2010,LANDSLIDE,lka009,lka009001,lka009001003,Kalatuwawa East(GN),Ratnapura,2010-05-17,0,EOC,2010,5,1
LA2010,LANDSLIDE,lka009,lka009001,lka009001003,Kalatuwawa West(GN),Ratnapura,2010-05-17,0,EOC,2010,5,1
LA2010,LANDSLIDE,lka009,lka009001,lka009001003,Meennana(GN),Ratnapura,2010-05-17,0,EOC,2010,5,1
LA2010,LANDSLIDE,lka009,lka009001,lka009001003,Walavita(GN),Ratnapura,2010-05-17,0,EOC,2010,5,1
LA2010,LANDSLIDE,lka009,lka009001,lka009001051,Wijeriya(GN),Ratnapura,2010-05-17,0,EOC,2010,5,1
LA2010,LANDSLIDE,lka009,lka009001,lka009001051,Yakmaditta(GN),Ratnapura,2010-05-17,0,EOC,2010,5,1
RA2010,RAINS,lka009,lka009001,lka009001012,Samagipura(GN),Ratnapura,2010-05-17,0,EOC,2010,5,1
LA2010,LANDSLIDE,lka009,lka009001,lka009001012,Durekkanda(GN),Ratnapura,2010-06-19,0,EOC,2010,6,1
RA2010,RAINS,lka009,lka009001,lka009001021,Metihakwala(GN),Ratnapura,2010-10-29,0,EOC,2010,10,1
RA2010,RAINS,lka009,lka009001,lka009001021,Hunuwala South(GN),Ratnapura,2010-11-28,0,EOC,2010,11,1
RA2010,RAINS,lka009,lka009001,lka009001021,Udawela(GN),Ratnapura,2010-11-28,0,EOC,2010,11,1
135612,LANDSLIDE,lka009,lka009001,lka009001021,,Ratnapura,2011-02-05,0,DMC EOC,2011,2,1
135455,LANDSLIDE,lka009,lka009001,lka009001039,Yahinna GN,Ratnapura,2011-03-01,0,EOC-DOB,2011,3,1
135493,LANDSLIDE,lka009,lka009001,lka009001039,Yahinna,Ratnapura,2011-03-01,0,DMC-EOC-DOB,2011,3,1
135485,LANDSLIDE,lka009,lka009001,lka009001012,Mihindu Gama,Ratnapura,2011-04-30,0,DMC-EOC-DOB,2011,4,1
135459,RAINS,lka009,lka009001,lka009001012,SUPUGASTHANNA,Ratnapura,2011-09-01,0,EOC-DOB,2011,9,1
135717,RAINS,lka009,lka009001,lka009001042,,Ratnapura,2011-11-25,0,DMC EOC,2011,11,1
136809,RAINS,lka009,lka009001,lka009001030,,Ratnapura,2011-12-12,0,DDMCU-Ratnapura,2011,12,1
136055,LANDSLIDE,lka009,lka009001,lka009001003,,Ratnapura,2012-01-11,6,DDMCU,2012,1,1
136057,LANDSLIDE,lka009,lka009001,lka009001021,,Ratnapura,2012-01-11,6,DDMCU,2012,1,1
136058,LANDSLIDE,lka009,lka009001,lka009001009,,Ratnapura,2012-01-11,6,DDMCU,2012,1,1
136059,LANDSLIDE,lka009,lka009001,lka009001027,,Ratnapura,2012-01-11,6,DDMCU,2012,1,1
136060,LANDSLIDE,lka009,lka009001,lka009001030,,Ratnapura,2012-01-11,6,DDMCU,2012,1,1
136056,LANDSLIDE,lka009,lka009001,lka009001012,,Ratnapura,2012-11-29,0,DDMCU,2012,11,1
137011,LANDSLIDE,lka009,lka009001,lka009001012,,Ratnapura,2014-02-06,2,DDMCU-Ratnapura,2014,2,1